ts_site,people_now,optimal,max_capacity,ts_reported,source_url
2026-01-05T01:24:43,0,80,161,2026-01-05 01:24,https://rent.pe.ntu.edu.tw/
2026-01-05T01:43:12,0,80,161,2026-01-05 01:43,https://rent.pe.ntu.edu.tw/
2026-01-05T01:54:15,0,80,161,2026-01-05 01:54,https://rent.pe.ntu.edu.tw/
2026-01-05T02:32:19,0,80,161,2026-01-05 02:32,https://rent.pe.ntu.edu.tw/
2026-01-05T02:57:53,0,80,161,2026-01-05 02:57,https://rent.pe.ntu.edu.tw/
2026-01-05T03:20:56,0,80,161,2026-01-05 03:20,https://rent.pe.ntu.edu.tw/
2026-01-05T03:39:24,0,80,161,2026-01-05 03:39,https://rent.pe.ntu.edu.tw/
2026-01-05T03:52:51,0,80,161,2026-01-05 03:52,https://rent.pe.ntu.edu.tw/
2026-01-05T04:26:17,0,80,161,2026-01-05 04:26,https://rent.pe.ntu.edu.tw/
2026-01-05T04:46:03,0,80,161,2026-01-05 04:46,https://rent.pe.ntu.edu.tw/
2026-01-05T04:57:29,0,80,161,2026-01-05 04:57,https://rent.pe.ntu.edu.tw/
2026-01-05T05:23:12,0,80,161,2026-01-05 05:23,https://rent.pe.ntu.edu.tw/
2026-01-05T05:41:43,0,80,161,2026-01-05 05:41,https://rent.pe.ntu.edu.tw/
2026-01-05T05:52:54,1,80,161,2026-01-05 05:52,https://rent.pe.ntu.edu.tw/
2026-01-05T06:22:52,6,80,161,2026-01-05 06:22,https://rent.pe.ntu.edu.tw/
2026-01-05T06:45:43,7,80,161,2026-01-05 06:45,https://rent.pe.ntu.edu.tw/
2026-01-05T06:57:15,8,80,161,2026-01-05 06:57,https://rent.pe.ntu.edu.tw/
2026-01-05T07:24:02,12,80,161,2026-01-05 07:24,https://rent.pe.ntu.edu.tw/
2026-01-05T07:43:00,14,80,161,2026-01-05 07:43,https://rent.pe.ntu.edu.tw/
2026-01-05T07:54:40,11,80,161,2026-01-05 07:54,https://rent.pe.ntu.edu.tw/
2026-01-05T10:01:17,44,80,161,2026-01-05 10:01,https://rent.pe.ntu.edu.tw/
2026-01-05T12:03:05,30,80,161,2026-01-05 12:03,https://rent.pe.ntu.edu.tw/
2026-01-05T13:07:17,33,80,161,2026-01-05 13:07,https://rent.pe.ntu.edu.tw/
2026-01-05T13:53:24,43,80,161,2026-01-05 13:53,https://rent.pe.ntu.edu.tw/
2026-01-05T13:58:12,43,80,161,2026-01-05 13:58,https://rent.pe.ntu.edu.tw/
2026-01-05T14:44:39,57,80,161,2026-01-05 14:44,https://rent.pe.ntu.edu.tw/
2026-01-05T14:48:34,56,80,161,2026-01-05 14:48,https://rent.pe.ntu.edu.tw/
2026-01-05T15:30:22,66,80,161,2026-01-05 15:30,https://rent.pe.ntu.edu.tw/
2026-01-05T15:52:00,59,80,161,2026-01-05 15:51,https://rent.pe.ntu.edu.tw/
2026-01-05T16:36:07,63,80,161,2026-01-05 16:36,https://rent.pe.ntu.edu.tw/
2026-01-05T17:04:06,70,80,161,2026-01-05 17:04,https://rent.pe.ntu.edu.tw/
2026-01-05T17:48:49,82,80,161,2026-01-05 17:48,https://rent.pe.ntu.edu.tw/
2026-01-05T18:27:44,84,80,161,2026-01-05 18:27,https://rent.pe.ntu.edu.tw/
2026-01-05T18:53:36,65,80,161,2026-01-05 18:53,https://rent.pe.ntu.edu.tw/
2026-01-05T19:21:39,58,80,161,2026-01-05 19:21,https://rent.pe.ntu.edu.tw/
2026-01-05T19:43:23,69,80,161,2026-01-05 19:43,https://rent.pe.ntu.edu.tw/
2026-01-05T19:54:11,71,80,161,2026-01-05 19:54,https://rent.pe.ntu.edu.tw/
2026-01-05T20:50:26,76,80,161,2026-01-05 20:50,https://rent.pe.ntu.edu.tw/
2026-01-05T21:42:42,49,80,161,2026-01-05 21:42,https://rent.pe.ntu.edu.tw/
2026-01-05T22:02:43,18,80,161,2026-01-05 22:02,https://rent.pe.ntu.edu.tw/
2026-01-06T06:22:49,4,80,161,2026-01-06 06:22,https://rent.pe.ntu.edu.tw/
2026-01-06T06:47:49,4,80,161,2026-01-06 06:47,https://rent.pe.ntu.edu.tw/
2026-01-06T07:22:10,9,80,161,2026-01-06 07:22,https://rent.pe.ntu.edu.tw/
2026-01-06T07:43:54,29,80,161,2026-01-06 07:43,https://rent.pe.ntu.edu.tw/
2026-01-06T07:54:42,32,80,161,2026-01-06 07:54,https://rent.pe.ntu.edu.tw/
2026-01-06T09:48:58,35,80,161,2026-01-06 09:48,https://rent.pe.ntu.edu.tw/
2026-01-06T11:40:29,67,80,161,2026-01-06 11:40,https://rent.pe.ntu.edu.tw/
2026-01-06T12:28:40,67,80,161,2026-01-06 12:28,https://rent.pe.ntu.edu.tw/
2026-01-06T13:00:02,58,80,161,2026-01-06 13:00,https://rent.pe.ntu.edu.tw/
2026-01-06T13:35:35,46,80,161,2026-01-06 13:35,https://rent.pe.ntu.edu.tw/
2026-01-06T13:56:56,44,80,161,2026-01-06 13:56,https://rent.pe.ntu.edu.tw/
2026-01-06T14:38:02,43,80,161,2026-01-06 14:38,https://rent.pe.ntu.edu.tw/
2026-01-06T15:04:47,47,80,161,2026-01-06 15:04,https://rent.pe.ntu.edu.tw/
2026-01-06T15:39:19,53,80,161,2026-01-06 15:39,https://rent.pe.ntu.edu.tw/
2026-01-06T15:55:31,60,80,161,2026-01-06 15:55,https://rent.pe.ntu.edu.tw/
2026-01-06T16:33:47,68,80,161,2026-01-06 16:33,https://rent.pe.ntu.edu.tw/
2026-01-06T17:02:08,80,80,161,2026-01-06 17:02,https://rent.pe.ntu.edu.tw/
2026-01-06T17:42:39,81,80,161,2026-01-06 17:42,https://rent.pe.ntu.edu.tw/
2026-01-06T17:57:30,85,80,161,2026-01-06 17:57,https://rent.pe.ntu.edu.tw/
2026-01-06T18:28:46,88,80,161,2026-01-06 18:28,https://rent.pe.ntu.edu.tw/
2026-01-06T18:52:31,75,80,161,2026-01-06 18:52,https://rent.pe.ntu.edu.tw/
2026-01-06T19:21:15,47,80,161,2026-01-06 19:21,https://rent.pe.ntu.edu.tw/
2026-01-06T19:43:01,58,80,161,2026-01-06 19:43,https://rent.pe.ntu.edu.tw/
2026-01-06T19:54:16,60,80,161,2026-01-06 19:54,https://rent.pe.ntu.edu.tw/
2026-01-06T20:47:40,49,80,161,2026-01-06 20:47,https://rent.pe.ntu.edu.tw/
2026-01-06T21:39:17,34,80,161,2026-01-06 21:39,https://rent.pe.ntu.edu.tw/
2026-01-06T22:00:03,14,80,161,2026-01-06 22:00,https://rent.pe.ntu.edu.tw/
2026-01-07T06:23:43,7,80,161,2026-01-07 06:23,https://rent.pe.ntu.edu.tw/
2026-01-07T06:48:05,7,80,161,2026-01-07 06:48,https://rent.pe.ntu.edu.tw/
2026-01-07T07:22:38,10,80,161,2026-01-07 07:22,https://rent.pe.ntu.edu.tw/
2026-01-07T07:42:53,13,80,161,2026-01-07 07:42,https://rent.pe.ntu.edu.tw/
2026-01-07T07:53:07,10,80,161,2026-01-07 07:53,https://rent.pe.ntu.edu.tw/
2026-01-07T09:48:10,25,80,161,2026-01-07 09:48,https://rent.pe.ntu.edu.tw/
2026-01-07T11:40:47,50,80,161,2026-01-07 11:40,https://rent.pe.ntu.edu.tw/
2026-01-07T12:29:27,53,80,161,2026-01-07 12:29,https://rent.pe.ntu.edu.tw/
2026-01-07T13:01:39,45,80,161,2026-01-07 13:01,https://rent.pe.ntu.edu.tw/
2026-01-07T13:36:27,35,80,161,2026-01-07 13:36,https://rent.pe.ntu.edu.tw/
2026-01-07T13:56:39,39,80,161,2026-01-07 13:56,https://rent.pe.ntu.edu.tw/
2026-01-07T14:36:51,43,80,161,2026-01-07 14:36,https://rent.pe.ntu.edu.tw/
2026-01-07T15:03:49,44,80,161,2026-01-07 15:03,https://rent.pe.ntu.edu.tw/
2026-01-07T15:38:36,56,80,161,2026-01-07 15:38,https://rent.pe.ntu.edu.tw/
2026-01-07T15:55:21,57,80,161,2026-01-07 15:55,https://rent.pe.ntu.edu.tw/
2026-01-07T16:33:15,67,80,161,2026-01-07 16:33,https://rent.pe.ntu.edu.tw/
2026-01-07T17:03:25,73,80,161,2026-01-07 17:03,https://rent.pe.ntu.edu.tw/
2026-01-07T17:43:31,79,80,161,2026-01-07 17:43,https://rent.pe.ntu.edu.tw/
2026-01-07T17:58:26,74,80,161,2026-01-07 17:58,https://rent.pe.ntu.edu.tw/
2026-01-07T18:32:26,65,80,161,2026-01-07 18:32,https://rent.pe.ntu.edu.tw/
2026-01-07T18:57:54,58,80,161,2026-01-07 18:57,https://rent.pe.ntu.edu.tw/
2026-01-07T19:25:43,56,80,161,2026-01-07 19:25,https://rent.pe.ntu.edu.tw/
2026-01-07T19:43:28,59,80,161,2026-01-07 19:43,https://rent.pe.ntu.edu.tw/
2026-01-07T19:54:34,62,80,161,2026-01-07 19:54,https://rent.pe.ntu.edu.tw/
2026-01-07T20:48:48,60,80,161,2026-01-07 20:48,https://rent.pe.ntu.edu.tw/
2026-01-07T21:41:28,37,80,161,2026-01-07 21:41,https://rent.pe.ntu.edu.tw/
2026-01-07T22:01:48,16,80,161,2026-01-07 22:01,https://rent.pe.ntu.edu.tw/
2026-01-08T06:22:58,5,80,161,2026-01-08 06:22,https://rent.pe.ntu.edu.tw/
2026-01-08T06:47:14,5,80,161,2026-01-08 06:47,https://rent.pe.ntu.edu.tw/
2026-01-08T07:22:31,5,80,161,2026-01-08 07:22,https://rent.pe.ntu.edu.tw/
2026-01-08T07:43:39,6,80,161,2026-01-08 07:43,https://rent.pe.ntu.edu.tw/
2026-01-08T07:54:39,7,80,161,2026-01-08 07:54,https://rent.pe.ntu.edu.tw/
2026-01-08T09:48:40,29,80,161,2026-01-08 09:48,https://rent.pe.ntu.edu.tw/
2026-01-08T11:41:09,47,80,161,2026-01-08 11:41,https://rent.pe.ntu.edu.tw/
2026-01-08T12:28:18,45,80,161,2026-01-08 12:28,https://rent.pe.ntu.edu.tw/
2026-01-08T12:59:29,37,80,161,2026-01-08 12:59,https://rent.pe.ntu.edu.tw/
2026-01-08T13:35:06,37,80,161,2026-01-08 13:35,https://rent.pe.ntu.edu.tw/
2026-01-08T13:57:02,40,80,161,2026-01-08 13:57,https://rent.pe.ntu.edu.tw/
2026-01-08T14:38:06,NA,NA,NA,NA,https://rent.pe.ntu.edu.tw/
2026-01-08T15:03:21,58,80,161,2026-01-08 15:03,https://rent.pe.ntu.edu.tw/
2026-01-08T15:37:31,57,80,161,2026-01-08 15:37,https://rent.pe.ntu.edu.tw/
2026-01-08T15:54:24,52,80,161,2026-01-08 15:54,https://rent.pe.ntu.edu.tw/
2026-01-08T16:33:02,50,80,161,2026-01-08 16:33,https://rent.pe.ntu.edu.tw/
2026-01-08T17:03:29,50,80,161,2026-01-08 17:03,https://rent.pe.ntu.edu.tw/
2026-01-08T17:44:25,50,80,161,2026-01-08 17:44,https://rent.pe.ntu.edu.tw/
2026-01-08T17:59:47,49,80,161,2026-01-08 17:59,https://rent.pe.ntu.edu.tw/
2026-01-08T18:35:50,46,80,161,2026-01-08 18:35,https://rent.pe.ntu.edu.tw/
2026-01-08T18:58:21,NA,NA,NA,NA,https://rent.pe.ntu.edu.tw/
2026-01-08T19:27:22,65,80,161,2026-01-08 19:27,https://rent.pe.ntu.edu.tw/
2026-01-08T19:44:59,76,80,161,2026-01-08 19:44,https://rent.pe.ntu.edu.tw/
2026-01-08T19:56:27,71,80,161,2026-01-08 19:56,https://rent.pe.ntu.edu.tw/
2026-01-08T20:48:49,87,80,161,2026-01-08 20:48,https://rent.pe.ntu.edu.tw/
2026-01-08T21:42:31,46,80,161,2026-01-08 21:42,https://rent.pe.ntu.edu.tw/
2026-01-08T22:02:44,13,80,161,2026-01-08 22:02,https://rent.pe.ntu.edu.tw/
2026-01-09T06:23:24,1,80,161,2026-01-09 06:23,https://rent.pe.ntu.edu.tw/
2026-01-09T06:48:08,4,80,161,2026-01-09 06:48,https://rent.pe.ntu.edu.tw/
2026-01-09T07:20:00,7,80,161,2026-01-09 07:20,https://rent.pe.ntu.edu.tw/
2026-01-09T07:41:49,19,80,161,2026-01-09 07:41,https://rent.pe.ntu.edu.tw/
2026-01-09T07:52:46,19,80,161,2026-01-09 07:52,https://rent.pe.ntu.edu.tw/
2026-01-09T09:49:04,18,80,161,2026-01-09 09:49,https://rent.pe.ntu.edu.tw/
2026-01-09T11:41:33,36,80,161,2026-01-09 11:41,https://rent.pe.ntu.edu.tw/
2026-01-09T12:28:50,44,80,161,2026-01-09 12:28,https://rent.pe.ntu.edu.tw/
2026-01-09T13:00:20,30,80,161,2026-01-09 13:00,https://rent.pe.ntu.edu.tw/
2026-01-09T13:36:33,35,80,161,2026-01-09 13:36,https://rent.pe.ntu.edu.tw/
2026-01-09T13:56:54,38,80,161,2026-01-09 13:56,https://rent.pe.ntu.edu.tw/
2026-01-09T14:38:02,51,80,161,2026-01-09 14:38,https://rent.pe.ntu.edu.tw/
2026-01-09T15:04:21,57,80,161,2026-01-09 15:04,https://rent.pe.ntu.edu.tw/
2026-01-09T15:38:58,56,80,161,2026-01-09 15:38,https://rent.pe.ntu.edu.tw/
2026-01-09T15:55:00,59,80,161,2026-01-09 15:55,https://rent.pe.ntu.edu.tw/
2026-01-09T16:33:38,80,80,161,2026-01-09 16:33,https://rent.pe.ntu.edu.tw/
2026-01-09T17:02:54,87,80,161,2026-01-09 17:02,https://rent.pe.ntu.edu.tw/
2026-01-09T17:44:14,82,80,161,2026-01-09 17:44,https://rent.pe.ntu.edu.tw/
2026-01-09T17:59:31,83,80,161,2026-01-09 17:59,https://rent.pe.ntu.edu.tw/
2026-01-09T18:34:37,67,80,161,2026-01-09 18:34,https://rent.pe.ntu.edu.tw/
2026-01-09T18:58:33,60,80,161,2026-01-09 18:58,https://rent.pe.ntu.edu.tw/
2026-01-09T19:26:12,50,80,161,2026-01-09 19:26,https://rent.pe.ntu.edu.tw/
2026-01-09T19:43:47,44,80,161,2026-01-09 19:43,https://rent.pe.ntu.edu.tw/
2026-01-09T19:54:31,49,80,161,2026-01-09 19:54,https://rent.pe.ntu.edu.tw/
2026-01-09T20:48:01,65,80,161,2026-01-09 20:48,https://rent.pe.ntu.edu.tw/
2026-01-09T21:39:26,41,80,161,2026-01-09 21:39,https://rent.pe.ntu.edu.tw/
2026-01-09T22:00:32,18,80,161,2026-01-09 22:00,https://rent.pe.ntu.edu.tw/
2026-01-10T06:22:53,0,80,161,2026-01-10 06:22,https://rent.pe.ntu.edu.tw/
2026-01-10T06:47:08,0,80,161,2026-01-10 06:47,https://rent.pe.ntu.edu.tw/
2026-01-10T07:21:48,0,80,161,2026-01-10 07:21,https://rent.pe.ntu.edu.tw/
2026-01-10T07:43:21,0,80,161,2026-01-10 07:43,https://rent.pe.ntu.edu.tw/
2026-01-10T07:53:55,0,80,161,2026-01-10 07:53,https://rent.pe.ntu.edu.tw/
2026-01-10T09:45:59,15,80,161,2026-01-10 09:45,https://rent.pe.ntu.edu.tw/
2026-01-10T11:16:21,33,80,161,2026-01-10 11:16,https://rent.pe.ntu.edu.tw/
2026-01-10T12:07:15,37,80,161,2026-01-10 12:07,https://rent.pe.ntu.edu.tw/
2026-01-10T12:48:43,34,80,161,2026-01-10 12:48,https://rent.pe.ntu.edu.tw/
2026-01-10T13:23:35,36,80,161,2026-01-10 13:23,https://rent.pe.ntu.edu.tw/
2026-01-10T13:46:15,39,80,161,2026-01-10 13:46,https://rent.pe.ntu.edu.tw/
2026-01-10T13:56:52,34,80,161,2026-01-10 13:56,https://rent.pe.ntu.edu.tw/
2026-01-10T14:34:00,42,80,161,2026-01-10 14:34,https://rent.pe.ntu.edu.tw/
2026-01-10T14:59:00,39,80,161,2026-01-10 14:58,https://rent.pe.ntu.edu.tw/
2026-01-10T15:26:45,32,80,161,2026-01-10 15:26,https://rent.pe.ntu.edu.tw/
2026-01-10T15:41:14,33,80,161,2026-01-10 15:41,https://rent.pe.ntu.edu.tw/
2026-01-10T15:51:45,37,80,161,2026-01-10 15:51,https://rent.pe.ntu.edu.tw/
2026-01-10T16:28:49,40,80,161,2026-01-10 16:28,https://rent.pe.ntu.edu.tw/
2026-01-10T16:52:00,38,80,161,2026-01-10 16:52,https://rent.pe.ntu.edu.tw/
2026-01-10T17:22:35,51,80,161,2026-01-10 17:22,https://rent.pe.ntu.edu.tw/
2026-01-10T17:43:00,48,80,161,2026-01-10 17:43,https://rent.pe.ntu.edu.tw/
2026-01-10T17:53:45,54,80,161,2026-01-10 17:53,https://rent.pe.ntu.edu.tw/
2026-01-10T18:22:26,48,80,161,2026-01-10 18:22,https://rent.pe.ntu.edu.tw/
2026-01-10T18:45:37,48,80,161,2026-01-10 18:45,https://rent.pe.ntu.edu.tw/
2026-01-10T18:56:27,49,80,161,2026-01-10 18:56,https://rent.pe.ntu.edu.tw/
2026-01-10T19:18:45,38,80,161,2026-01-10 19:18,https://rent.pe.ntu.edu.tw/
2026-01-10T19:39:56,34,80,161,2026-01-10 19:39,https://rent.pe.ntu.edu.tw/
2026-01-10T19:52:25,24,80,161,2026-01-10 19:52,https://rent.pe.ntu.edu.tw/
2026-01-10T20:42:15,31,80,161,2026-01-10 20:42,https://rent.pe.ntu.edu.tw/
2026-01-10T21:20:33,21,80,161,2026-01-10 21:20,https://rent.pe.ntu.edu.tw/
2026-01-10T21:47:38,11,80,161,2026-01-10 21:47,https://rent.pe.ntu.edu.tw/
2026-01-11T06:21:53,0,80,161,2026-01-11 06:21,https://rent.pe.ntu.edu.tw/
2026-01-11T06:45:04,0,80,161,2026-01-11 06:45,https://rent.pe.ntu.edu.tw/
2026-01-11T06:56:09,0,80,161,2026-01-11 06:56,https://rent.pe.ntu.edu.tw/
2026-01-11T07:21:43,0,80,161,2026-01-11 07:21,https://rent.pe.ntu.edu.tw/
2026-01-11T07:42:16,0,80,161,2026-01-11 07:42,https://rent.pe.ntu.edu.tw/
2026-01-11T07:52:56,1,80,161,2026-01-11 07:52,https://rent.pe.ntu.edu.tw/
2026-01-11T09:57:50,18,80,161,2026-01-11 09:57,https://rent.pe.ntu.edu.tw/
2026-01-11T11:54:13,43,80,161,2026-01-11 11:54,https://rent.pe.ntu.edu.tw/
2026-01-11T12:49:55,29,80,161,2026-01-11 12:49,https://rent.pe.ntu.edu.tw/
2026-01-11T13:27:15,21,80,161,2026-01-11 13:27,https://rent.pe.ntu.edu.tw/
2026-01-11T13:49:37,23,80,161,2026-01-11 13:49,https://rent.pe.ntu.edu.tw/
2026-01-11T14:34:30,31,80,161,2026-01-11 14:34,https://rent.pe.ntu.edu.tw/
2026-01-11T15:01:22,35,80,161,2026-01-11 15:01,https://rent.pe.ntu.edu.tw/
2026-01-11T15:30:43,52,80,161,2026-01-11 15:30,https://rent.pe.ntu.edu.tw/
2026-01-11T15:45:22,52,80,161,2026-01-11 15:45,https://rent.pe.ntu.edu.tw/
2026-01-11T15:56:04,54,80,161,2026-01-11 15:56,https://rent.pe.ntu.edu.tw/
2026-01-11T16:29:23,72,80,161,2026-01-11 16:29,https://rent.pe.ntu.edu.tw/
2026-01-11T16:52:21,80,80,161,2026-01-11 16:52,https://rent.pe.ntu.edu.tw/
2026-01-11T17:22:42,63,80,161,2026-01-11 17:22,https://rent.pe.ntu.edu.tw/
2026-01-11T17:44:00,38,80,161,2026-01-11 17:44,https://rent.pe.ntu.edu.tw/
2026-01-11T17:54:20,26,80,161,2026-01-11 17:54,https://rent.pe.ntu.edu.tw/
2026-01-11T18:23:22,0,80,161,2026-01-11 18:23,https://rent.pe.ntu.edu.tw/
2026-01-11T18:46:47,0,80,161,2026-01-11 18:46,https://rent.pe.ntu.edu.tw/
2026-01-11T19:19:38,0,80,161,2026-01-11 19:19,https://rent.pe.ntu.edu.tw/
2026-01-11T19:40:28,0,80,161,2026-01-11 19:40,https://rent.pe.ntu.edu.tw/
2026-01-11T19:52:33,0,80,161,2026-01-11 19:52,https://rent.pe.ntu.edu.tw/
2026-01-11T20:43:21,0,80,161,2026-01-11 20:43,https://rent.pe.ntu.edu.tw/
2026-01-11T21:21:46,0,80,161,2026-01-11 21:21,https://rent.pe.ntu.edu.tw/
2026-01-11T21:48:37,0,80,161,2026-01-11 21:48,https://rent.pe.ntu.edu.tw/
2026-01-12T06:45:10,5,80,161,2026-01-12 06:45,https://rent.pe.ntu.edu.tw/
2026-01-12T06:55:48,6,80,161,2026-01-12 06:55,https://rent.pe.ntu.edu.tw/
2026-01-12T07:21:19,4,80,161,2026-01-12 07:21,https://rent.pe.ntu.edu.tw/
2026-01-12T07:42:22,6,80,161,2026-01-12 07:42,https://rent.pe.ntu.edu.tw/
2026-01-12T07:53:23,8,80,161,2026-01-12 07:53,https://rent.pe.ntu.edu.tw/
2026-01-12T09:53:47,31,80,161,2026-01-12 09:53,https://rent.pe.ntu.edu.tw/
2026-01-12T11:51:32,61,80,161,2026-01-12 11:51,https://rent.pe.ntu.edu.tw/
2026-01-12T12:52:49,32,80,161,2026-01-12 12:52,https://rent.pe.ntu.edu.tw/
2026-01-12T13:31:43,25,80,161,2026-01-12 13:31,https://rent.pe.ntu.edu.tw/
2026-01-12T13:56:40,28,80,161,2026-01-12 13:56,https://rent.pe.ntu.edu.tw/
2026-01-12T14:39:15,43,80,161,2026-01-12 14:39,https://rent.pe.ntu.edu.tw/
2026-01-12T15:06:27,52,80,161,2026-01-12 15:06,https://rent.pe.ntu.edu.tw/
2026-01-12T15:42:40,63,80,161,2026-01-12 15:42,https://rent.pe.ntu.edu.tw/
2026-01-12T15:56:34,62,80,161,2026-01-12 15:56,https://rent.pe.ntu.edu.tw/
2026-01-12T16:35:24,74,80,161,2026-01-12 16:35,https://rent.pe.ntu.edu.tw/
2026-01-12T17:04:35,77,80,161,2026-01-12 17:04,https://rent.pe.ntu.edu.tw/
2026-01-12T17:48:29,87,80,161,2026-01-12 17:48,https://rent.pe.ntu.edu.tw/
2026-01-12T18:28:04,82,80,161,2026-01-12 18:28,https://rent.pe.ntu.edu.tw/
2026-01-12T18:52:58,74,80,161,2026-01-12 18:52,https://rent.pe.ntu.edu.tw/
2026-01-12T19:22:33,79,80,161,2026-01-12 19:22,https://rent.pe.ntu.edu.tw/
2026-01-12T19:43:37,73,80,161,2026-01-12 19:43,https://rent.pe.ntu.edu.tw/
2026-01-12T19:54:55,75,80,161,2026-01-12 19:54,https://rent.pe.ntu.edu.tw/
2026-01-12T20:51:32,85,80,161,2026-01-12 20:51,https://rent.pe.ntu.edu.tw/
2026-01-12T21:44:06,50,80,161,2026-01-12 21:44,https://rent.pe.ntu.edu.tw/
2026-01-12T22:04:22,0,80,161,2026-01-12 22:04,https://rent.pe.ntu.edu.tw/
2026-01-13T06:21:10,3,80,161,2026-01-13 06:21,https://rent.pe.ntu.edu.tw/
2026-01-13T06:45:07,6,80,161,2026-01-13 06:45,https://rent.pe.ntu.edu.tw/
2026-01-13T06:55:33,6,80,161,2026-01-13 06:55,https://rent.pe.ntu.edu.tw/
2026-01-13T07:19:02,11,80,161,2026-01-13 07:19,https://rent.pe.ntu.edu.tw/
2026-01-13T07:41:03,23,80,161,2026-01-13 07:41,https://rent.pe.ntu.edu.tw/
2026-01-13T07:52:25,25,80,161,2026-01-13 07:52,https://rent.pe.ntu.edu.tw/
2026-01-13T09:45:52,24,80,161,2026-01-13 09:45,https://rent.pe.ntu.edu.tw/
2026-01-13T11:20:54,51,80,161,2026-01-13 11:20,https://rent.pe.ntu.edu.tw/
2026-01-13T12:26:08,53,80,161,2026-01-13 12:26,https://rent.pe.ntu.edu.tw/
2026-01-13T12:59:36,42,80,161,2026-01-13 12:59,https://rent.pe.ntu.edu.tw/
2026-01-13T13:35:04,32,80,161,2026-01-13 13:35,https://rent.pe.ntu.edu.tw/
2026-01-13T13:56:20,39,80,161,2026-01-13 13:56,https://rent.pe.ntu.edu.tw/
2026-01-13T14:36:59,50,80,161,2026-01-13 14:36,https://rent.pe.ntu.edu.tw/
2026-01-13T15:04:14,53,80,161,2026-01-13 15:04,https://rent.pe.ntu.edu.tw/
2026-01-13T15:37:47,50,80,161,2026-01-13 15:37,https://rent.pe.ntu.edu.tw/
2026-01-13T15:54:19,56,80,161,2026-01-13 15:54,https://rent.pe.ntu.edu.tw/
2026-01-13T16:33:32,74,80,161,2026-01-13 16:33,https://rent.pe.ntu.edu.tw/
2026-01-13T17:03:41,66,80,161,2026-01-13 17:03,https://rent.pe.ntu.edu.tw/
2026-01-13T17:43:35,82,80,161,2026-01-13 17:43,https://rent.pe.ntu.edu.tw/
2026-01-13T17:59:12,81,80,161,2026-01-13 17:59,https://rent.pe.ntu.edu.tw/
2026-01-13T18:34:03,81,80,161,2026-01-13 18:34,https://rent.pe.ntu.edu.tw/
2026-01-13T18:58:34,60,80,161,2026-01-13 18:58,https://rent.pe.ntu.edu.tw/
2026-01-13T19:28:00,51,80,161,2026-01-13 19:27,https://rent.pe.ntu.edu.tw/
2026-01-13T19:45:16,57,80,161,2026-01-13 19:45,https://rent.pe.ntu.edu.tw/
2026-01-13T19:56:26,53,80,161,2026-01-13 19:56,https://rent.pe.ntu.edu.tw/
2026-01-13T20:51:22,67,80,161,2026-01-13 20:51,https://rent.pe.ntu.edu.tw/
2026-01-13T21:42:59,39,80,161,2026-01-13 21:42,https://rent.pe.ntu.edu.tw/
2026-01-13T22:03:30,3,80,161,2026-01-13 22:03,https://rent.pe.ntu.edu.tw/
2026-01-14T06:24:11,4,80,161,2026-01-14 06:24,https://rent.pe.ntu.edu.tw/
2026-01-14T06:48:45,3,80,161,2026-01-14 06:48,https://rent.pe.ntu.edu.tw/
2026-01-14T07:21:54,3,80,161,2026-01-14 07:21,https://rent.pe.ntu.edu.tw/
2026-01-14T07:41:59,8,80,161,2026-01-14 07:41,https://rent.pe.ntu.edu.tw/
2026-01-14T07:53:24,7,80,161,2026-01-14 07:53,https://rent.pe.ntu.edu.tw/
2026-01-14T09:52:43,32,80,161,2026-01-14 09:52,https://rent.pe.ntu.edu.tw/
2026-01-14T11:49:47,46,80,161,2026-01-14 11:49,https://rent.pe.ntu.edu.tw/
2026-01-14T12:48:59,45,80,161,2026-01-14 12:48,https://rent.pe.ntu.edu.tw/
2026-01-14T13:26:43,29,80,161,2026-01-14 13:26,https://rent.pe.ntu.edu.tw/
2026-01-14T13:50:41,32,80,161,2026-01-14 13:50,https://rent.pe.ntu.edu.tw/
2026-01-14T14:36:56,29,80,161,2026-01-14 14:36,https://rent.pe.ntu.edu.tw/
2026-01-14T15:03:39,39,80,161,2026-01-14 15:03,https://rent.pe.ntu.edu.tw/
2026-01-14T15:39:25,48,80,161,2026-01-14 15:39,https://rent.pe.ntu.edu.tw/
2026-01-14T15:54:32,49,80,161,2026-01-14 15:54,https://rent.pe.ntu.edu.tw/
2026-01-14T16:33:16,62,80,161,2026-01-14 16:33,https://rent.pe.ntu.edu.tw/
2026-01-14T17:03:41,61,80,161,2026-01-14 17:03,https://rent.pe.ntu.edu.tw/
2026-01-14T17:44:39,83,80,161,2026-01-14 17:44,https://rent.pe.ntu.edu.tw/
2026-01-14T18:00:06,90,80,161,2026-01-14 18:00,https://rent.pe.ntu.edu.tw/
2026-01-14T18:37:02,76,80,161,2026-01-14 18:37,https://rent.pe.ntu.edu.tw/
2026-01-14T18:59:38,70,80,161,2026-01-14 18:59,https://rent.pe.ntu.edu.tw/
2026-01-14T19:30:49,57,80,161,2026-01-14 19:30,https://rent.pe.ntu.edu.tw/
2026-01-14T19:47:51,51,80,161,2026-01-14 19:47,https://rent.pe.ntu.edu.tw/
2026-01-14T20:49:47,55,80,161,2026-01-14 20:49,https://rent.pe.ntu.edu.tw/
2026-01-14T21:42:18,25,80,161,2026-01-14 21:42,https://rent.pe.ntu.edu.tw/
2026-01-14T22:03:07,1,80,161,2026-01-14 22:03,https://rent.pe.ntu.edu.tw/
2026-01-15T06:24:25,3,80,161,2026-01-15 06:24,https://rent.pe.ntu.edu.tw/
2026-01-15T06:49:28,2,80,161,2026-01-15 06:49,https://rent.pe.ntu.edu.tw/
2026-01-15T07:20:07,2,80,161,2026-01-15 07:20,https://rent.pe.ntu.edu.tw/
2026-01-15T07:41:26,7,80,161,2026-01-15 07:41,https://rent.pe.ntu.edu.tw/
2026-01-15T07:51:55,3,80,161,2026-01-15 07:51,https://rent.pe.ntu.edu.tw/
2026-01-15T09:48:30,22,80,161,2026-01-15 09:48,https://rent.pe.ntu.edu.tw/
2026-01-15T11:43:10,63,80,161,2026-01-15 11:43,https://rent.pe.ntu.edu.tw/
2026-01-15T12:30:53,42,80,161,2026-01-15 12:30,https://rent.pe.ntu.edu.tw/
2026-01-15T13:02:11,42,80,161,2026-01-15 13:02,https://rent.pe.ntu.edu.tw/
2026-01-15T13:43:53,28,80,161,2026-01-15 13:43,https://rent.pe.ntu.edu.tw/
2026-01-15T13:58:10,27,80,161,2026-01-15 13:58,https://rent.pe.ntu.edu.tw/
2026-01-15T14:42:22,37,80,161,2026-01-15 14:42,https://rent.pe.ntu.edu.tw/
2026-01-15T15:03:47,38,80,161,2026-01-15 15:03,https://rent.pe.ntu.edu.tw/
2026-01-15T15:38:15,47,80,161,2026-01-15 15:38,https://rent.pe.ntu.edu.tw/
2026-01-15T15:55:38,52,80,161,2026-01-15 15:55,https://rent.pe.ntu.edu.tw/
2026-01-15T16:33:50,64,80,161,2026-01-15 16:33,https://rent.pe.ntu.edu.tw/
2026-01-15T17:02:38,57,80,161,2026-01-15 17:02,https://rent.pe.ntu.edu.tw/
2026-01-15T17:43:40,60,80,161,2026-01-15 17:43,https://rent.pe.ntu.edu.tw/
2026-01-15T17:58:34,47,80,161,2026-01-15 17:58,https://rent.pe.ntu.edu.tw/
2026-01-15T18:32:32,58,80,161,2026-01-15 18:32,https://rent.pe.ntu.edu.tw/
2026-01-15T18:58:21,69,80,161,2026-01-15 18:58,https://rent.pe.ntu.edu.tw/
2026-01-15T19:27:37,50,80,161,2026-01-15 19:27,https://rent.pe.ntu.edu.tw/
2026-01-15T19:44:47,50,80,161,2026-01-15 19:44,https://rent.pe.ntu.edu.tw/
2026-01-15T19:55:57,54,80,161,2026-01-15 19:55,https://rent.pe.ntu.edu.tw/
2026-01-15T20:49:02,74,80,161,2026-01-15 20:49,https://rent.pe.ntu.edu.tw/
2026-01-15T21:41:30,30,80,161,2026-01-15 21:41,https://rent.pe.ntu.edu.tw/
2026-01-15T22:02:33,5,80,161,2026-01-15 22:02,https://rent.pe.ntu.edu.tw/
2026-01-16T06:24:16,2,80,161,2026-01-16 06:24,https://rent.pe.ntu.edu.tw/
2026-01-16T06:48:02,2,80,161,2026-01-16 06:48,https://rent.pe.ntu.edu.tw/
2026-01-16T07:23:20,8,80,161,2026-01-16 07:23,https://rent.pe.ntu.edu.tw/
2026-01-16T07:43:55,19,80,161,2026-01-16 07:43,https://rent.pe.ntu.edu.tw/
2026-01-16T07:54:47,22,80,161,2026-01-16 07:54,https://rent.pe.ntu.edu.tw/
2026-01-16T09:49:53,14,80,161,2026-01-16 09:49,https://rent.pe.ntu.edu.tw/
2026-01-16T11:41:37,53,80,161,2026-01-16 11:41,https://rent.pe.ntu.edu.tw/
2026-01-16T12:28:23,34,80,161,2026-01-16 12:28,https://rent.pe.ntu.edu.tw/
2026-01-16T13:00:01,30,80,161,2026-01-16 13:00,https://rent.pe.ntu.edu.tw/
2026-01-16T13:36:11,26,80,161,2026-01-16 13:36,https://rent.pe.ntu.edu.tw/
2026-01-16T13:56:20,31,80,161,2026-01-16 13:56,https://rent.pe.ntu.edu.tw/
2026-01-16T14:36:58,27,80,161,2026-01-16 14:36,https://rent.pe.ntu.edu.tw/
2026-01-16T15:03:11,23,80,161,2026-01-16 15:03,https://rent.pe.ntu.edu.tw/
2026-01-16T15:37:49,34,80,161,2026-01-16 15:37,https://rent.pe.ntu.edu.tw/
2026-01-16T15:54:36,46,80,161,2026-01-16 15:54,https://rent.pe.ntu.edu.tw/
2026-01-16T16:32:38,60,80,161,2026-01-16 16:32,https://rent.pe.ntu.edu.tw/
2026-01-16T17:01:41,54,80,161,2026-01-16 17:01,https://rent.pe.ntu.edu.tw/
2026-01-16T17:37:30,67,80,161,2026-01-16 17:37,https://rent.pe.ntu.edu.tw/
2026-01-16T17:56:56,71,80,161,2026-01-16 17:56,https://rent.pe.ntu.edu.tw/
2026-01-16T18:28:09,78,80,161,2026-01-16 18:28,https://rent.pe.ntu.edu.tw/
2026-01-16T18:51:34,55,80,161,2026-01-16 18:51,https://rent.pe.ntu.edu.tw/
2026-01-16T19:21:43,45,80,161,2026-01-16 19:21,https://rent.pe.ntu.edu.tw/
2026-01-16T19:43:22,32,80,161,2026-01-16 19:43,https://rent.pe.ntu.edu.tw/
2026-01-16T19:54:18,33,80,161,2026-01-16 19:54,https://rent.pe.ntu.edu.tw/
2026-01-16T20:47:58,44,80,161,2026-01-16 20:47,https://rent.pe.ntu.edu.tw/
2026-01-16T21:39:35,24,80,161,2026-01-16 21:39,https://rent.pe.ntu.edu.tw/
2026-01-16T22:00:59,0,80,161,2026-01-16 22:00,https://rent.pe.ntu.edu.tw/
2026-01-17T06:22:57,0,80,161,2026-01-17 06:22,https://rent.pe.ntu.edu.tw/
2026-01-17T06:47:28,0,80,161,2026-01-17 06:47,https://rent.pe.ntu.edu.tw/
2026-01-17T07:22:15,0,80,161,2026-01-17 07:22,https://rent.pe.ntu.edu.tw/
2026-01-17T07:43:13,0,80,161,2026-01-17 07:43,https://rent.pe.ntu.edu.tw/
2026-01-17T07:53:55,0,80,161,2026-01-17 07:53,https://rent.pe.ntu.edu.tw/
2026-01-17T09:44:19,17,80,161,2026-01-17 09:44,https://rent.pe.ntu.edu.tw/
2026-01-17T11:14:48,29,80,161,2026-01-17 11:14,https://rent.pe.ntu.edu.tw/
2026-01-17T12:05:47,31,80,161,2026-01-17 12:05,https://rent.pe.ntu.edu.tw/
2026-01-17T12:46:17,26,80,161,2026-01-17 12:46,https://rent.pe.ntu.edu.tw/
2026-01-17T13:01:48,26,80,161,2026-01-17 13:01,https://rent.pe.ntu.edu.tw/
2026-01-17T13:36:36,24,80,161,2026-01-17 13:36,https://rent.pe.ntu.edu.tw/
2026-01-17T13:53:22,23,80,161,2026-01-17 13:53,https://rent.pe.ntu.edu.tw/
2026-01-17T14:33:06,38,80,161,2026-01-17 14:33,https://rent.pe.ntu.edu.tw/
2026-01-17T14:59:06,38,80,161,2026-01-17 14:59,https://rent.pe.ntu.edu.tw/
2026-01-17T15:27:11,43,80,161,2026-01-17 15:27,https://rent.pe.ntu.edu.tw/
2026-01-17T15:41:36,41,80,161,2026-01-17 15:41,https://rent.pe.ntu.edu.tw/
2026-01-17T15:52:18,40,80,161,2026-01-17 15:52,https://rent.pe.ntu.edu.tw/
2026-01-17T16:28:24,46,80,161,2026-01-17 16:28,https://rent.pe.ntu.edu.tw/
2026-01-17T16:51:18,50,80,161,2026-01-17 16:51,https://rent.pe.ntu.edu.tw/
2026-01-17T17:22:19,53,80,161,2026-01-17 17:22,https://rent.pe.ntu.edu.tw/
2026-01-17T17:42:43,59,80,161,2026-01-17 17:42,https://rent.pe.ntu.edu.tw/
2026-01-17T17:53:06,64,80,161,2026-01-17 17:53,https://rent.pe.ntu.edu.tw/
2026-01-17T18:22:19,48,80,161,2026-01-17 18:22,https://rent.pe.ntu.edu.tw/
2026-01-17T18:45:17,44,80,161,2026-01-17 18:45,https://rent.pe.ntu.edu.tw/
2026-01-17T18:55:55,46,80,161,2026-01-17 18:55,https://rent.pe.ntu.edu.tw/
2026-01-17T19:18:59,39,80,161,2026-01-17 19:18,https://rent.pe.ntu.edu.tw/
2026-01-17T19:40:10,41,80,161,2026-01-17 19:40,https://rent.pe.ntu.edu.tw/
2026-01-17T19:52:23,42,80,161,2026-01-17 19:52,https://rent.pe.ntu.edu.tw/
2026-01-17T20:42:16,45,80,161,2026-01-17 20:42,https://rent.pe.ntu.edu.tw/
2026-01-17T21:20:12,40,80,161,2026-01-17 21:20,https://rent.pe.ntu.edu.tw/
2026-01-18T06:21:38,0,80,161,2026-01-18 06:21,https://rent.pe.ntu.edu.tw/
2026-01-18T06:45:07,0,80,161,2026-01-18 06:45,https://rent.pe.ntu.edu.tw/
2026-01-18T06:55:58,0,80,161,2026-01-18 06:55,https://rent.pe.ntu.edu.tw/
2026-01-18T07:21:14,0,80,161,2026-01-18 07:21,https://rent.pe.ntu.edu.tw/
2026-01-18T07:42:27,0,80,161,2026-01-18 07:42,https://rent.pe.ntu.edu.tw/
2026-01-18T07:52:45,0,80,161,2026-01-18 07:52,https://rent.pe.ntu.edu.tw/
2026-01-18T09:56:20,23,80,161,2026-01-18 09:56,https://rent.pe.ntu.edu.tw/
2026-01-18T11:48:06,35,80,161,2026-01-18 11:48,https://rent.pe.ntu.edu.tw/
2026-01-18T12:43:23,31,80,161,2026-01-18 12:43,https://rent.pe.ntu.edu.tw/
2026-01-18T13:03:38,28,80,161,2026-01-18 13:03,https://rent.pe.ntu.edu.tw/
2026-01-18T13:40:17,26,80,161,2026-01-18 13:40,https://rent.pe.ntu.edu.tw/
2026-01-18T13:54:20,29,80,161,2026-01-18 13:54,https://rent.pe.ntu.edu.tw/
2026-01-18T14:33:52,35,80,161,2026-01-18 14:33,https://rent.pe.ntu.edu.tw/
2026-01-18T15:00:04,35,80,161,2026-01-18 15:00,https://rent.pe.ntu.edu.tw/
2026-01-18T15:28:58,46,80,161,2026-01-18 15:28,https://rent.pe.ntu.edu.tw/
2026-01-18T15:43:08,45,80,161,2026-01-18 15:43,https://rent.pe.ntu.edu.tw/
2026-01-18T15:54:07,49,80,161,2026-01-18 15:54,https://rent.pe.ntu.edu.tw/
2026-01-18T16:29:24,52,80,161,2026-01-18 16:29,https://rent.pe.ntu.edu.tw/
2026-01-18T16:51:54,66,80,161,2026-01-18 16:51,https://rent.pe.ntu.edu.tw/
2026-01-18T17:23:28,65,80,161,2026-01-18 17:23,https://rent.pe.ntu.edu.tw/
2026-01-18T17:43:56,48,80,161,2026-01-18 17:43,https://rent.pe.ntu.edu.tw/
2026-01-18T17:54:56,25,80,161,2026-01-18 17:54,https://rent.pe.ntu.edu.tw/
2026-01-18T18:23:09,0,80,161,2026-01-18 18:23,https://rent.pe.ntu.edu.tw/
2026-01-18T18:46:01,0,80,161,2026-01-18 18:46,https://rent.pe.ntu.edu.tw/
2026-01-18T18:56:34,0,80,161,2026-01-18 18:56,https://rent.pe.ntu.edu.tw/
2026-01-18T19:18:51,0,80,161,2026-01-18 19:18,https://rent.pe.ntu.edu.tw/
2026-01-18T19:39:55,0,80,161,2026-01-18 19:39,https://rent.pe.ntu.edu.tw/
2026-01-18T19:52:19,0,80,161,2026-01-18 19:52,https://rent.pe.ntu.edu.tw/
2026-01-18T21:19:56,0,80,161,2026-01-18 21:19,https://rent.pe.ntu.edu.tw/
2026-01-18T21:47:24,0,80,161,2026-01-18 21:47,https://rent.pe.ntu.edu.tw/
2026-01-19T06:21:55,6,80,161,2026-01-19 06:21,https://rent.pe.ntu.edu.tw/
2026-01-19T06:45:18,8,80,161,2026-01-19 06:45,https://rent.pe.ntu.edu.tw/
2026-01-19T06:56:24,9,80,161,2026-01-19 06:56,https://rent.pe.ntu.edu.tw/
2026-01-19T07:21:22,11,80,161,2026-01-19 07:21,https://rent.pe.ntu.edu.tw/
2026-01-19T07:42:46,12,80,161,2026-01-19 07:42,https://rent.pe.ntu.edu.tw/
2026-01-19T07:53:50,13,80,161,2026-01-19 07:53,https://rent.pe.ntu.edu.tw/
2026-01-19T09:54:24,40,80,161,2026-01-19 09:54,https://rent.pe.ntu.edu.tw/
2026-01-19T11:52:31,47,80,161,2026-01-19 11:52,https://rent.pe.ntu.edu.tw/
2026-01-19T12:54:33,37,80,161,2026-01-19 12:54,https://rent.pe.ntu.edu.tw/
2026-01-19T13:33:06,34,80,161,2026-01-19 13:33,https://rent.pe.ntu.edu.tw/
2026-01-19T14:01:01,35,80,161,2026-01-19 14:01,https://rent.pe.ntu.edu.tw/
2026-01-19T14:55:07,37,80,161,2026-01-19 14:55,https://rent.pe.ntu.edu.tw/
2026-01-19T15:30:47,43,80,161,2026-01-19 15:30,https://rent.pe.ntu.edu.tw/
2026-01-19T15:52:45,62,80,161,2026-01-19 15:52,https://rent.pe.ntu.edu.tw/
2026-01-19T16:35:48,72,80,161,2026-01-19 16:35,https://rent.pe.ntu.edu.tw/
2026-01-19T17:06:00,77,80,161,2026-01-19 17:06,https://rent.pe.ntu.edu.tw/
2026-01-19T17:51:15,80,80,161,2026-01-19 17:51,https://rent.pe.ntu.edu.tw/
2026-01-19T18:31:22,73,80,161,2026-01-19 18:31,https://rent.pe.ntu.edu.tw/
2026-01-19T18:57:55,56,80,161,2026-01-19 18:57,https://rent.pe.ntu.edu.tw/
2026-01-19T19:26:32,63,80,161,2026-01-19 19:26,https://rent.pe.ntu.edu.tw/
2026-01-19T19:45:28,61,80,161,2026-01-19 19:45,https://rent.pe.ntu.edu.tw/
2026-01-19T19:57:04,62,80,161,2026-01-19 19:57,https://rent.pe.ntu.edu.tw/
2026-01-19T20:55:58,62,80,161,2026-01-19 20:55,https://rent.pe.ntu.edu.tw/
2026-01-19T21:47:45,35,80,161,2026-01-19 21:47,https://rent.pe.ntu.edu.tw/
2026-01-20T06:23:45,2,80,161,2026-01-20 06:23,https://rent.pe.ntu.edu.tw/
2026-01-20T06:47:33,0,80,161,2026-01-20 06:47,https://rent.pe.ntu.edu.tw/
2026-01-20T07:22:33,3,80,161,2026-01-20 07:22,https://rent.pe.ntu.edu.tw/
2026-01-20T07:44:06,22,80,161,2026-01-20 07:44,https://rent.pe.ntu.edu.tw/
2026-01-20T07:55:40,24,80,161,2026-01-20 07:55,https://rent.pe.ntu.edu.tw/
2026-01-20T09:49:43,39,80,161,2026-01-20 09:49,https://rent.pe.ntu.edu.tw/
2026-01-20T11:45:46,56,80,161,2026-01-20 11:45,https://rent.pe.ntu.edu.tw/
2026-01-20T12:36:12,49,80,161,2026-01-20 12:36,https://rent.pe.ntu.edu.tw/
2026-01-20T13:18:04,40,80,161,2026-01-20 13:18,https://rent.pe.ntu.edu.tw/
2026-01-20T13:54:08,35,80,161,2026-01-20 13:54,https://rent.pe.ntu.edu.tw/
2026-01-20T14:38:55,43,80,161,2026-01-20 14:38,https://rent.pe.ntu.edu.tw/
2026-01-20T15:06:31,46,80,161,2026-01-20 15:06,https://rent.pe.ntu.edu.tw/
2026-01-20T15:43:56,57,80,161,2026-01-20 15:43,https://rent.pe.ntu.edu.tw/
2026-01-20T15:58:26,59,80,161,2026-01-20 15:58,https://rent.pe.ntu.edu.tw/
2026-01-20T16:41:12,75,80,161,2026-01-20 16:41,https://rent.pe.ntu.edu.tw/
2026-01-20T17:06:35,83,80,161,2026-01-20 17:06,https://rent.pe.ntu.edu.tw/
2026-01-20T17:48:51,83,80,161,2026-01-20 17:48,https://rent.pe.ntu.edu.tw/
2026-01-20T18:30:06,91,80,161,2026-01-20 18:30,https://rent.pe.ntu.edu.tw/
2026-01-20T18:57:47,64,80,161,2026-01-20 18:57,https://rent.pe.ntu.edu.tw/
2026-01-20T19:28:06,82,80,161,2026-01-20 19:28,https://rent.pe.ntu.edu.tw/
2026-01-20T19:47:46,82,80,161,2026-01-20 19:47,https://rent.pe.ntu.edu.tw/
2026-01-20T20:53:32,89,80,161,2026-01-20 20:53,https://rent.pe.ntu.edu.tw/
2026-01-20T21:49:26,32,80,161,2026-01-20 21:49,https://rent.pe.ntu.edu.tw/
2026-01-21T06:25:35,1,80,161,2026-01-21 06:25,https://rent.pe.ntu.edu.tw/
2026-01-21T06:46:01,4,80,161,2026-01-21 06:46,https://rent.pe.ntu.edu.tw/
2026-01-21T06:57:05,6,80,161,2026-01-21 06:57,https://rent.pe.ntu.edu.tw/
2026-01-21T07:26:01,8,80,161,2026-01-21 07:26,https://rent.pe.ntu.edu.tw/
2026-01-21T07:46:02,10,80,161,2026-01-21 07:46,https://rent.pe.ntu.edu.tw/
2026-01-21T07:57:18,10,80,161,2026-01-21 07:57,https://rent.pe.ntu.edu.tw/
2026-01-21T10:01:39,26,80,161,2026-01-21 10:01,https://rent.pe.ntu.edu.tw/
2026-01-21T11:53:05,60,80,161,2026-01-21 11:53,https://rent.pe.ntu.edu.tw/
2026-01-21T12:46:29,45,80,161,2026-01-21 12:46,https://rent.pe.ntu.edu.tw/
2026-01-21T13:18:42,25,80,161,2026-01-21 13:18,https://rent.pe.ntu.edu.tw/
2026-01-21T13:53:24,13,80,161,2026-01-21 13:53,https://rent.pe.ntu.edu.tw/
2026-01-21T14:38:54,34,80,161,2026-01-21 14:38,https://rent.pe.ntu.edu.tw/
2026-01-21T15:07:13,31,80,161,2026-01-21 15:07,https://rent.pe.ntu.edu.tw/
2026-01-21T15:45:45,39,80,161,2026-01-21 15:45,https://rent.pe.ntu.edu.tw/
2026-01-21T16:00:03,43,80,161,2026-01-21 16:00,https://rent.pe.ntu.edu.tw/
2026-01-21T16:44:25,60,80,161,2026-01-21 16:44,https://rent.pe.ntu.edu.tw/
2026-01-21T17:18:11,65,80,161,2026-01-21 17:18,https://rent.pe.ntu.edu.tw/
2026-01-21T17:56:11,71,80,161,2026-01-21 17:56,https://rent.pe.ntu.edu.tw/
2026-01-21T18:31:21,70,80,161,2026-01-21 18:31,https://rent.pe.ntu.edu.tw/
2026-01-21T18:59:09,60,80,161,2026-01-21 18:59,https://rent.pe.ntu.edu.tw/
2026-01-21T19:32:05,62,80,161,2026-01-21 19:32,https://rent.pe.ntu.edu.tw/
2026-01-21T19:56:12,72,80,161,2026-01-21 19:56,https://rent.pe.ntu.edu.tw/
2026-01-21T20:53:15,60,80,161,2026-01-21 20:53,https://rent.pe.ntu.edu.tw/
2026-01-21T21:47:49,40,80,161,2026-01-21 21:47,https://rent.pe.ntu.edu.tw/
2026-01-22T06:27:44,2,80,161,2026-01-22 06:27,https://rent.pe.ntu.edu.tw/
2026-01-22T06:54:45,3,80,161,2026-01-22 06:54,https://rent.pe.ntu.edu.tw/
2026-01-22T07:27:55,4,80,161,2026-01-22 07:27,https://rent.pe.ntu.edu.tw/
2026-01-22T07:50:09,13,80,161,2026-01-22 07:50,https://rent.pe.ntu.edu.tw/
2026-01-22T09:52:27,31,80,161,2026-01-22 09:52,https://rent.pe.ntu.edu.tw/
2026-01-22T11:49:34,53,80,161,2026-01-22 11:49,https://rent.pe.ntu.edu.tw/
2026-01-22T12:50:14,41,80,161,2026-01-22 12:50,https://rent.pe.ntu.edu.tw/
2026-01-22T13:30:35,34,80,161,2026-01-22 13:30,https://rent.pe.ntu.edu.tw/
2026-01-22T13:56:00,31,80,161,2026-01-22 13:56,https://rent.pe.ntu.edu.tw/
2026-01-22T14:37:57,38,80,161,2026-01-22 14:37,https://rent.pe.ntu.edu.tw/
2026-01-22T15:05:43,41,80,161,2026-01-22 15:05,https://rent.pe.ntu.edu.tw/
2026-01-22T15:43:33,40,80,161,2026-01-22 15:43,https://rent.pe.ntu.edu.tw/
2026-01-22T15:57:19,44,80,161,2026-01-22 15:57,https://rent.pe.ntu.edu.tw/
2026-01-22T16:37:52,71,80,161,2026-01-22 16:37,https://rent.pe.ntu.edu.tw/
2026-01-22T17:06:35,73,80,161,2026-01-22 17:06,https://rent.pe.ntu.edu.tw/
2026-01-22T17:48:45,82,80,161,2026-01-22 17:48,https://rent.pe.ntu.edu.tw/
2026-01-22T18:29:38,NA,NA,NA,NA,https://rent.pe.ntu.edu.tw/
2026-01-22T18:57:19,67,80,161,2026-01-22 18:57,https://rent.pe.ntu.edu.tw/
2026-01-22T19:26:33,64,80,161,2026-01-22 19:26,https://rent.pe.ntu.edu.tw/
2026-01-22T19:46:46,69,80,161,2026-01-22 19:46,https://rent.pe.ntu.edu.tw/
2026-01-22T20:53:20,61,80,161,2026-01-22 20:53,https://rent.pe.ntu.edu.tw/
2026-01-22T21:49:32,36,80,161,2026-01-22 21:49,https://rent.pe.ntu.edu.tw/
2026-01-23T06:25:08,3,80,161,2026-01-23 06:25,https://rent.pe.ntu.edu.tw/
2026-01-23T06:50:26,4,80,161,2026-01-23 06:50,https://rent.pe.ntu.edu.tw/
2026-01-23T07:23:13,11,80,161,2026-01-23 07:23,https://rent.pe.ntu.edu.tw/
2026-01-23T07:44:56,23,80,161,2026-01-23 07:44,https://rent.pe.ntu.edu.tw/
2026-01-23T07:56:30,20,80,161,2026-01-23 07:56,https://rent.pe.ntu.edu.tw/
2026-01-23T09:49:21,24,80,161,2026-01-23 09:49,https://rent.pe.ntu.edu.tw/
2026-01-23T11:44:11,36,80,161,2026-01-23 11:44,https://rent.pe.ntu.edu.tw/
2026-01-23T12:33:08,34,80,161,2026-01-23 12:33,https://rent.pe.ntu.edu.tw/
2026-01-23T13:06:09,34,80,161,2026-01-23 13:06,https://rent.pe.ntu.edu.tw/
2026-01-23T13:46:15,29,80,161,2026-01-23 13:46,https://rent.pe.ntu.edu.tw/
2026-01-23T14:00:05,31,80,161,2026-01-23 14:00,https://rent.pe.ntu.edu.tw/
2026-01-23T14:50:21,45,80,161,2026-01-23 14:50,https://rent.pe.ntu.edu.tw/
2026-01-23T15:27:17,55,80,161,2026-01-23 15:27,https://rent.pe.ntu.edu.tw/
2026-01-23T15:47:57,61,80,161,2026-01-23 15:47,https://rent.pe.ntu.edu.tw/
2026-01-23T16:32:58,76,80,161,2026-01-23 16:32,https://rent.pe.ntu.edu.tw/
2026-01-23T17:03:11,63,80,161,2026-01-23 17:03,https://rent.pe.ntu.edu.tw/
2026-01-23T17:45:58,56,80,161,2026-01-23 17:45,https://rent.pe.ntu.edu.tw/
2026-01-23T18:00:24,55,80,161,2026-01-23 18:00,https://rent.pe.ntu.edu.tw/
2026-01-23T18:37:28,58,80,161,2026-01-23 18:37,https://rent.pe.ntu.edu.tw/
2026-01-23T18:59:55,56,80,161,2026-01-23 18:59,https://rent.pe.ntu.edu.tw/
2026-01-23T19:30:34,53,80,161,2026-01-23 19:30,https://rent.pe.ntu.edu.tw/
2026-01-23T19:47:52,51,80,161,2026-01-23 19:47,https://rent.pe.ntu.edu.tw/
2026-01-23T20:51:16,65,80,161,2026-01-23 20:51,https://rent.pe.ntu.edu.tw/
2026-01-23T21:44:33,34,80,161,2026-01-23 21:44,https://rent.pe.ntu.edu.tw/
2026-01-23T22:04:22,10,80,161,2026-01-23 22:04,https://rent.pe.ntu.edu.tw/
2026-01-24T06:20:31,0,80,161,2026-01-24 06:20,https://rent.pe.ntu.edu.tw/
2026-01-24T06:45:37,0,80,161,2026-01-24 06:45,https://rent.pe.ntu.edu.tw/
2026-01-24T06:56:53,0,80,161,2026-01-24 06:56,https://rent.pe.ntu.edu.tw/
2026-01-24T07:24:26,2,80,161,2026-01-24 07:24,https://rent.pe.ntu.edu.tw/
2026-01-24T07:44:24,1,80,161,2026-01-24 07:44,https://rent.pe.ntu.edu.tw/
2026-01-24T07:55:56,0,80,161,2026-01-24 07:55,https://rent.pe.ntu.edu.tw/
2026-01-24T09:46:40,20,80,161,2026-01-24 09:46,https://rent.pe.ntu.edu.tw/
2026-01-24T11:28:24,36,80,161,2026-01-24 11:28,https://rent.pe.ntu.edu.tw/
2026-01-24T12:12:58,32,80,161,2026-01-24 12:12,https://rent.pe.ntu.edu.tw/
2026-01-24T12:50:05,34,80,161,2026-01-24 12:50,https://rent.pe.ntu.edu.tw/
2026-01-24T13:23:10,33,80,161,2026-01-24 13:23,https://rent.pe.ntu.edu.tw/
2026-01-24T13:46:15,29,80,161,2026-01-24 13:46,https://rent.pe.ntu.edu.tw/
2026-01-24T13:56:24,NA,NA,NA,NA,https://rent.pe.ntu.edu.tw/
2026-01-24T14:34:40,22,80,161,2026-01-24 14:34,https://rent.pe.ntu.edu.tw/
2026-01-24T15:00:20,19,80,161,2026-01-24 15:00,https://rent.pe.ntu.edu.tw/
2026-01-24T15:29:00,20,80,161,2026-01-24 15:29,https://rent.pe.ntu.edu.tw/
2026-01-24T15:43:23,23,80,161,2026-01-24 15:43,https://rent.pe.ntu.edu.tw/
2026-01-24T15:54:09,22,80,161,2026-01-24 15:54,https://rent.pe.ntu.edu.tw/
2026-01-24T16:29:24,33,80,161,2026-01-24 16:29,https://rent.pe.ntu.edu.tw/
2026-01-24T16:52:49,53,80,161,2026-01-24 16:52,https://rent.pe.ntu.edu.tw/
2026-01-24T17:22:35,56,80,161,2026-01-24 17:22,https://rent.pe.ntu.edu.tw/
2026-01-24T17:43:53,60,80,161,2026-01-24 17:43,https://rent.pe.ntu.edu.tw/
2026-01-24T17:54:38,47,80,161,2026-01-24 17:54,https://rent.pe.ntu.edu.tw/
2026-01-24T18:23:32,39,80,161,2026-01-24 18:23,https://rent.pe.ntu.edu.tw/
2026-01-24T18:46:46,38,80,161,2026-01-24 18:46,https://rent.pe.ntu.edu.tw/
2026-01-24T19:19:46,34,80,161,2026-01-24 19:19,https://rent.pe.ntu.edu.tw/
2026-01-24T19:40:57,34,80,161,2026-01-24 19:40,https://rent.pe.ntu.edu.tw/
2026-01-24T19:52:12,36,80,161,2026-01-24 19:52,https://rent.pe.ntu.edu.tw/
2026-01-24T20:43:10,40,80,161,2026-01-24 20:43,https://rent.pe.ntu.edu.tw/
2026-01-24T21:22:16,29,80,161,2026-01-24 21:22,https://rent.pe.ntu.edu.tw/
2026-01-24T21:49:14,19,80,161,2026-01-24 21:49,https://rent.pe.ntu.edu.tw/
2026-01-25T06:21:44,0,80,161,2026-01-25 06:21,https://rent.pe.ntu.edu.tw/
2026-01-25T06:45:29,0,80,161,2026-01-25 06:45,https://rent.pe.ntu.edu.tw/
2026-01-25T06:56:04,0,80,161,2026-01-25 06:56,https://rent.pe.ntu.edu.tw/
2026-01-25T07:21:33,0,80,161,2026-01-25 07:21,https://rent.pe.ntu.edu.tw/
2026-01-25T07:42:43,0,80,161,2026-01-25 07:42,https://rent.pe.ntu.edu.tw/
2026-01-25T07:53:25,0,80,161,2026-01-25 07:53,https://rent.pe.ntu.edu.tw/
2026-01-25T09:59:25,21,80,161,2026-01-25 09:59,https://rent.pe.ntu.edu.tw/
2026-01-25T12:00:23,36,80,161,2026-01-25 12:00,https://rent.pe.ntu.edu.tw/
2026-01-25T12:57:42,34,80,161,2026-01-25 12:57,https://rent.pe.ntu.edu.tw/
2026-01-25T13:32:18,35,80,161,2026-01-25 13:32,https://rent.pe.ntu.edu.tw/
2026-01-25T13:57:59,30,80,161,2026-01-25 13:57,https://rent.pe.ntu.edu.tw/
2026-01-25T14:40:07,36,80,161,2026-01-25 14:40,https://rent.pe.ntu.edu.tw/
2026-01-25T15:02:03,44,80,161,2026-01-25 15:02,https://rent.pe.ntu.edu.tw/
2026-01-25T15:35:10,53,80,161,2026-01-25 15:35,https://rent.pe.ntu.edu.tw/
2026-01-25T15:52:55,54,80,161,2026-01-25 15:52,https://rent.pe.ntu.edu.tw/
2026-01-25T16:30:03,70,80,161,2026-01-25 16:30,https://rent.pe.ntu.edu.tw/
2026-01-25T16:53:15,73,80,161,2026-01-25 16:53,https://rent.pe.ntu.edu.tw/
2026-01-25T17:24:28,62,80,161,2026-01-25 17:24,https://rent.pe.ntu.edu.tw/
2026-01-25T17:44:46,36,80,161,2026-01-25 17:44,https://rent.pe.ntu.edu.tw/
2026-01-25T17:54:56,28,80,161,2026-01-25 17:54,https://rent.pe.ntu.edu.tw/
2026-01-25T18:23:38,0,80,161,2026-01-25 18:23,https://rent.pe.ntu.edu.tw/
2026-01-25T18:48:18,0,80,161,2026-01-25 18:48,https://rent.pe.ntu.edu.tw/
2026-01-25T19:19:44,0,80,161,2026-01-25 19:19,https://rent.pe.ntu.edu.tw/
2026-01-25T19:41:02,0,80,161,2026-01-25 19:41,https://rent.pe.ntu.edu.tw/
2026-01-25T19:52:29,0,80,161,2026-01-25 19:52,https://rent.pe.ntu.edu.tw/
2026-01-25T20:44:33,0,80,161,2026-01-25 20:44,https://rent.pe.ntu.edu.tw/
2026-01-25T21:24:09,0,80,161,2026-01-25 21:24,https://rent.pe.ntu.edu.tw/
2026-01-25T21:51:02,0,80,161,2026-01-25 21:51,https://rent.pe.ntu.edu.tw/
2026-01-26T06:22:20,1,80,161,2026-01-26 06:22,https://rent.pe.ntu.edu.tw/
2026-01-26T06:46:21,0,80,161,2026-01-26 06:46,https://rent.pe.ntu.edu.tw/
2026-01-26T06:57:59,0,80,161,2026-01-26 06:57,https://rent.pe.ntu.edu.tw/
2026-01-26T07:25:33,2,80,161,2026-01-26 07:25,https://rent.pe.ntu.edu.tw/
2026-01-26T07:43:39,1,80,161,2026-01-26 07:43,https://rent.pe.ntu.edu.tw/
2026-01-26T07:54:50,1,80,161,2026-01-26 07:54,https://rent.pe.ntu.edu.tw/
2026-01-26T09:59:00,0,80,161,2026-01-26 09:59,https://rent.pe.ntu.edu.tw/
2026-01-26T12:02:48,0,80,161,2026-01-26 12:02,https://rent.pe.ntu.edu.tw/
2026-01-26T13:05:20,0,80,161,2026-01-26 13:05,https://rent.pe.ntu.edu.tw/
2026-01-26T13:49:48,0,80,161,2026-01-26 13:49,https://rent.pe.ntu.edu.tw/
2026-01-26T14:39:47,0,80,161,2026-01-26 14:39,https://rent.pe.ntu.edu.tw/
2026-01-26T15:06:27,0,80,161,2026-01-26 15:06,https://rent.pe.ntu.edu.tw/
2026-01-26T15:43:21,0,80,161,2026-01-26 15:43,https://rent.pe.ntu.edu.tw/
2026-01-26T15:57:35,0,80,161,2026-01-26 15:57,https://rent.pe.ntu.edu.tw/
2026-01-26T16:39:33,0,80,161,2026-01-26 16:39,https://rent.pe.ntu.edu.tw/
2026-01-26T17:05:45,24,80,161,2026-01-26 17:05,https://rent.pe.ntu.edu.tw/
2026-01-26T17:50:41,94,80,161,2026-01-26 17:50,https://rent.pe.ntu.edu.tw/
2026-01-26T18:29:26,102,80,161,2026-01-26 18:29,https://rent.pe.ntu.edu.tw/
2026-01-26T18:56:13,78,80,161,2026-01-26 18:56,https://rent.pe.ntu.edu.tw/
2026-01-26T19:22:43,67,80,161,2026-01-26 19:22,https://rent.pe.ntu.edu.tw/
2026-01-26T19:44:28,81,80,161,2026-01-26 19:44,https://rent.pe.ntu.edu.tw/
2026-01-26T19:56:20,83,80,161,2026-01-26 19:56,https://rent.pe.ntu.edu.tw/
2026-01-26T20:51:59,81,80,161,2026-01-26 20:51,https://rent.pe.ntu.edu.tw/
2026-01-26T21:46:14,37,80,161,2026-01-26 21:46,https://rent.pe.ntu.edu.tw/
2026-01-26T22:17:31,9,80,161,2026-01-26 22:17,https://rent.pe.ntu.edu.tw/
2026-01-27T06:24:10,4,80,161,2026-01-27 06:24,https://rent.pe.ntu.edu.tw/
2026-01-27T06:49:27,7,80,161,2026-01-27 06:49,https://rent.pe.ntu.edu.tw/
2026-01-27T07:24:47,14,80,161,2026-01-27 07:24,https://rent.pe.ntu.edu.tw/
2026-01-27T07:47:19,22,80,161,2026-01-27 07:47,https://rent.pe.ntu.edu.tw/
2026-01-27T09:55:36,28,80,161,2026-01-27 09:55,https://rent.pe.ntu.edu.tw/
2026-01-27T11:49:36,NA,NA,NA,NA,https://rent.pe.ntu.edu.tw/
2026-01-27T12:49:22,46,80,161,2026-01-27 12:49,https://rent.pe.ntu.edu.tw/
2026-01-27T13:29:05,49,80,161,2026-01-27 13:29,https://rent.pe.ntu.edu.tw/
2026-01-27T13:53:22,52,80,161,2026-01-27 13:53,https://rent.pe.ntu.edu.tw/
2026-01-27T14:37:58,53,80,161,2026-01-27 14:37,https://rent.pe.ntu.edu.tw/
2026-01-27T15:06:01,51,80,161,2026-01-27 15:06,https://rent.pe.ntu.edu.tw/
2026-01-27T15:43:12,58,80,161,2026-01-27 15:43,https://rent.pe.ntu.edu.tw/
2026-01-27T15:57:44,70,80,161,2026-01-27 15:57,https://rent.pe.ntu.edu.tw/
2026-01-27T16:39:43,82,80,161,2026-01-27 16:39,https://rent.pe.ntu.edu.tw/
2026-01-27T17:05:36,77,80,161,2026-01-27 17:05,https://rent.pe.ntu.edu.tw/
2026-01-27T17:49:29,96,80,161,2026-01-27 17:49,https://rent.pe.ntu.edu.tw/
2026-01-27T18:30:02,88,80,161,2026-01-27 18:30,https://rent.pe.ntu.edu.tw/
2026-01-27T18:58:29,82,80,161,2026-01-27 18:58,https://rent.pe.ntu.edu.tw/
2026-01-27T19:29:37,65,80,161,2026-01-27 19:29,https://rent.pe.ntu.edu.tw/
2026-01-27T19:49:35,70,80,161,2026-01-27 19:49,https://rent.pe.ntu.edu.tw/
2026-01-27T20:53:58,58,80,161,2026-01-27 20:53,https://rent.pe.ntu.edu.tw/
2026-01-27T21:50:39,16,80,161,2026-01-27 21:50,https://rent.pe.ntu.edu.tw/
2026-01-28T06:24:51,3,80,161,2026-01-28 06:24,https://rent.pe.ntu.edu.tw/
2026-01-28T06:48:26,6,80,161,2026-01-28 06:48,https://rent.pe.ntu.edu.tw/
2026-01-28T07:24:18,5,80,161,2026-01-28 07:24,https://rent.pe.ntu.edu.tw/
2026-01-28T07:46:13,7,80,161,2026-01-28 07:46,https://rent.pe.ntu.edu.tw/
2026-01-28T07:58:29,10,80,161,2026-01-28 07:58,https://rent.pe.ntu.edu.tw/
2026-01-28T10:09:47,33,80,161,2026-01-28 10:09,https://rent.pe.ntu.edu.tw/
2026-01-28T11:54:22,45,80,161,2026-01-28 11:54,https://rent.pe.ntu.edu.tw/
2026-01-28T12:45:51,43,80,161,2026-01-28 12:45,https://rent.pe.ntu.edu.tw/
2026-01-28T13:18:09,30,80,161,2026-01-28 13:18,https://rent.pe.ntu.edu.tw/
2026-01-28T13:53:37,33,80,161,2026-01-28 13:53,https://rent.pe.ntu.edu.tw/
2026-01-28T14:39:00,38,80,161,2026-01-28 14:39,https://rent.pe.ntu.edu.tw/
2026-01-28T15:05:41,47,80,161,2026-01-28 15:05,https://rent.pe.ntu.edu.tw/
2026-01-28T15:41:52,46,80,161,2026-01-28 15:41,https://rent.pe.ntu.edu.tw/
2026-01-28T15:56:27,52,80,161,2026-01-28 15:56,https://rent.pe.ntu.edu.tw/
2026-01-28T16:35:09,78,80,161,2026-01-28 16:35,https://rent.pe.ntu.edu.tw/
2026-01-28T17:06:35,82,80,161,2026-01-28 17:06,https://rent.pe.ntu.edu.tw/
2026-01-28T17:50:22,80,80,161,2026-01-28 17:50,https://rent.pe.ntu.edu.tw/
2026-01-28T18:31:01,81,80,161,2026-01-28 18:31,https://rent.pe.ntu.edu.tw/
2026-01-28T18:58:20,78,80,161,2026-01-28 18:58,https://rent.pe.ntu.edu.tw/
2026-01-28T19:29:45,65,80,161,2026-01-28 19:29,https://rent.pe.ntu.edu.tw/
2026-01-28T19:48:47,83,80,161,2026-01-28 19:48,https://rent.pe.ntu.edu.tw/
2026-01-28T20:53:36,78,80,161,2026-01-28 20:53,https://rent.pe.ntu.edu.tw/
2026-01-28T21:51:18,17,80,161,2026-01-28 21:51,https://rent.pe.ntu.edu.tw/
2026-01-29T06:28:39,2,80,161,2026-01-29 06:28,https://rent.pe.ntu.edu.tw/
2026-01-29T06:57:30,2,80,161,2026-01-29 06:57,https://rent.pe.ntu.edu.tw/
2026-01-29T07:30:12,3,80,161,2026-01-29 07:30,https://rent.pe.ntu.edu.tw/
2026-01-29T07:52:14,9,80,161,2026-01-29 07:52,https://rent.pe.ntu.edu.tw/
2026-01-29T10:05:39,21,80,161,2026-01-29 10:05,https://rent.pe.ntu.edu.tw/
2026-01-29T13:15:57,36,80,161,2026-01-29 13:15,https://rent.pe.ntu.edu.tw/
2026-01-29T14:02:20,32,80,161,2026-01-29 14:02,https://rent.pe.ntu.edu.tw/
2026-01-29T15:08:28,34,80,161,2026-01-29 15:08,https://rent.pe.ntu.edu.tw/
2026-01-29T15:56:40,48,80,161,2026-01-29 15:56,https://rent.pe.ntu.edu.tw/
2026-01-29T16:42:09,74,80,161,2026-01-29 16:42,https://rent.pe.ntu.edu.tw/
2026-01-29T17:27:07,82,80,161,2026-01-29 17:27,https://rent.pe.ntu.edu.tw/
2026-01-29T18:07:24,76,80,161,2026-01-29 18:07,https://rent.pe.ntu.edu.tw/
2026-01-29T18:59:55,58,80,161,2026-01-29 18:59,https://rent.pe.ntu.edu.tw/
2026-01-29T19:40:04,54,80,161,2026-01-29 19:40,https://rent.pe.ntu.edu.tw/
2026-01-29T20:01:33,61,80,161,2026-01-29 20:01,https://rent.pe.ntu.edu.tw/
2026-01-29T21:20:12,48,80,161,2026-01-29 21:20,https://rent.pe.ntu.edu.tw/
2026-01-29T22:11:10,0,80,161,2026-01-29 22:11,https://rent.pe.ntu.edu.tw/
2026-01-30T06:30:03,2,80,161,2026-01-30 06:30,https://rent.pe.ntu.edu.tw/
2026-01-30T06:58:08,5,80,161,2026-01-30 06:58,https://rent.pe.ntu.edu.tw/
2026-01-30T07:32:59,10,80,161,2026-01-30 07:32,https://rent.pe.ntu.edu.tw/
2026-01-30T07:58:39,12,80,161,2026-01-30 07:58,https://rent.pe.ntu.edu.tw/
2026-01-30T10:35:59,48,80,161,2026-01-30 10:35,https://rent.pe.ntu.edu.tw/
2026-01-30T12:24:52,41,80,161,2026-01-30 12:24,https://rent.pe.ntu.edu.tw/
2026-01-30T13:32:56,26,80,161,2026-01-30 13:32,https://rent.pe.ntu.edu.tw/
2026-01-30T14:30:12,37,80,161,2026-01-30 14:30,https://rent.pe.ntu.edu.tw/
2026-01-30T15:26:48,46,80,161,2026-01-30 15:26,https://rent.pe.ntu.edu.tw/
2026-01-30T16:01:35,65,80,161,2026-01-30 16:01,https://rent.pe.ntu.edu.tw/
2026-01-30T16:54:37,73,80,161,2026-01-30 16:54,https://rent.pe.ntu.edu.tw/
2026-01-30T17:40:12,72,80,161,2026-01-30 17:40,https://rent.pe.ntu.edu.tw/
2026-01-30T18:07:11,75,80,161,2026-01-30 18:07,https://rent.pe.ntu.edu.tw/
2026-01-30T18:56:23,53,80,161,2026-01-30 18:56,https://rent.pe.ntu.edu.tw/
2026-01-30T19:30:24,43,80,161,2026-01-30 19:30,https://rent.pe.ntu.edu.tw/
2026-01-30T19:54:45,44,80,161,2026-01-30 19:54,https://rent.pe.ntu.edu.tw/
2026-01-30T20:58:27,59,80,161,2026-01-30 20:58,https://rent.pe.ntu.edu.tw/
2026-01-30T21:59:52,19,80,161,2026-01-30 21:59,https://rent.pe.ntu.edu.tw/
2026-01-31T06:28:46,0,80,161,2026-01-31 06:28,https://rent.pe.ntu.edu.tw/
2026-01-31T06:56:27,0,80,161,2026-01-31 06:56,https://rent.pe.ntu.edu.tw/
2026-01-31T07:27:22,0,80,161,2026-01-31 07:27,https://rent.pe.ntu.edu.tw/
2026-01-31T07:50:48,0,80,161,2026-01-31 07:50,https://rent.pe.ntu.edu.tw/
2026-01-31T10:02:01,29,80,161,2026-01-31 10:02,https://rent.pe.ntu.edu.tw/
2026-01-31T12:14:18,45,80,161,2026-01-31 12:14,https://rent.pe.ntu.edu.tw/
2026-01-31T13:11:47,36,80,161,2026-01-31 13:11,https://rent.pe.ntu.edu.tw/
2026-01-31T13:55:00,30,80,161,2026-01-31 13:55,https://rent.pe.ntu.edu.tw/
2026-01-31T14:41:52,33,80,161,2026-01-31 14:41,https://rent.pe.ntu.edu.tw/
2026-01-31T15:17:56,30,80,161,2026-01-31 15:17,https://rent.pe.ntu.edu.tw/
2026-01-31T15:50:24,35,80,161,2026-01-31 15:50,https://rent.pe.ntu.edu.tw/
2026-01-31T16:32:56,44,80,161,2026-01-31 16:32,https://rent.pe.ntu.edu.tw/
2026-01-31T17:02:30,48,80,161,2026-01-31 17:02,https://rent.pe.ntu.edu.tw/
2026-01-31T17:44:31,53,80,161,2026-01-31 17:44,https://rent.pe.ntu.edu.tw/
2026-01-31T18:00:01,51,80,161,2026-01-31 18:00,https://rent.pe.ntu.edu.tw/
2026-01-31T18:36:10,41,80,161,2026-01-31 18:36,https://rent.pe.ntu.edu.tw/
2026-01-31T18:59:28,41,80,161,2026-01-31 18:59,https://rent.pe.ntu.edu.tw/
2026-01-31T19:29:54,40,80,161,2026-01-31 19:29,https://rent.pe.ntu.edu.tw/
2026-01-31T19:46:56,34,80,161,2026-01-31 19:46,https://rent.pe.ntu.edu.tw/
2026-01-31T20:50:55,38,80,161,2026-01-31 20:50,https://rent.pe.ntu.edu.tw/
2026-01-31T21:42:34,27,80,161,2026-01-31 21:42,https://rent.pe.ntu.edu.tw/
2026-01-31T22:02:43,9,80,161,2026-01-31 22:02,https://rent.pe.ntu.edu.tw/
2026-02-01T06:25:01,0,80,161,2026-02-01 06:25,https://rent.pe.ntu.edu.tw/
2026-02-01T06:50:47,0,80,161,2026-02-01 06:50,https://rent.pe.ntu.edu.tw/
2026-02-01T07:24:12,0,80,161,2026-02-01 07:24,https://rent.pe.ntu.edu.tw/
2026-02-01T07:47:09,0,80,161,2026-02-01 07:47,https://rent.pe.ntu.edu.tw/
2026-02-01T10:30:03,27,80,161,2026-02-01 10:30,https://rent.pe.ntu.edu.tw/
2026-02-01T12:42:18,22,80,161,2026-02-01 12:42,https://rent.pe.ntu.edu.tw/
2026-02-01T13:50:27,23,80,161,2026-02-01 13:50,https://rent.pe.ntu.edu.tw/
2026-02-01T14:52:22,32,80,161,2026-02-01 14:52,https://rent.pe.ntu.edu.tw/
2026-02-01T15:38:41,47,80,161,2026-02-01 15:38,https://rent.pe.ntu.edu.tw/
2026-02-01T16:01:07,56,80,161,2026-02-01 16:01,https://rent.pe.ntu.edu.tw/
2026-02-01T16:47:19,59,80,161,2026-02-01 16:47,https://rent.pe.ntu.edu.tw/
2026-02-01T17:33:02,59,80,161,2026-02-01 17:33,https://rent.pe.ntu.edu.tw/
2026-02-01T18:00:03,21,80,161,2026-02-01 18:00,https://rent.pe.ntu.edu.tw/
2026-02-01T18:38:15,0,80,161,2026-02-01 18:38,https://rent.pe.ntu.edu.tw/
2026-02-01T19:01:22,0,80,161,2026-02-01 19:01,https://rent.pe.ntu.edu.tw/
2026-02-01T19:32:06,0,80,161,2026-02-01 19:32,https://rent.pe.ntu.edu.tw/
2026-02-01T19:54:58,0,80,161,2026-02-01 19:54,https://rent.pe.ntu.edu.tw/
2026-02-01T20:53:06,0,80,161,2026-02-01 20:53,https://rent.pe.ntu.edu.tw/
2026-02-01T21:44:51,0,80,161,2026-02-01 21:44,https://rent.pe.ntu.edu.tw/
2026-02-01T22:05:40,0,80,161,2026-02-01 22:05,https://rent.pe.ntu.edu.tw/
2026-02-02T06:27:27,1,80,161,2026-02-02 06:27,https://rent.pe.ntu.edu.tw/
2026-02-02T06:54:18,3,80,161,2026-02-02 06:54,https://rent.pe.ntu.edu.tw/
2026-02-02T07:27:01,7,80,161,2026-02-02 07:27,https://rent.pe.ntu.edu.tw/
2026-02-02T07:50:05,5,80,161,2026-02-02 07:50,https://rent.pe.ntu.edu.tw/
2026-02-02T10:13:50,38,80,161,2026-02-02 10:13,https://rent.pe.ntu.edu.tw/
2026-02-02T12:34:33,50,80,161,2026-02-02 12:34,https://rent.pe.ntu.edu.tw/
2026-02-02T13:52:26,23,80,161,2026-02-02 13:52,https://rent.pe.ntu.edu.tw/
2026-02-02T15:04:38,38,80,161,2026-02-02 15:04,https://rent.pe.ntu.edu.tw/
2026-02-02T15:58:34,53,80,161,2026-02-02 15:58,https://rent.pe.ntu.edu.tw/
2026-02-02T16:54:49,79,80,161,2026-02-02 16:54,https://rent.pe.ntu.edu.tw/
2026-02-02T17:52:47,78,80,161,2026-02-02 17:52,https://rent.pe.ntu.edu.tw/
2026-02-02T18:46:11,72,80,161,2026-02-02 18:46,https://rent.pe.ntu.edu.tw/
2026-02-02T19:27:10,82,80,161,2026-02-02 19:27,https://rent.pe.ntu.edu.tw/
2026-02-02T19:58:09,67,80,161,2026-02-02 19:58,https://rent.pe.ntu.edu.tw/
2026-02-02T21:12:07,70,80,161,2026-02-02 21:12,https://rent.pe.ntu.edu.tw/
2026-02-02T22:09:51,0,80,161,2026-02-02 22:09,https://rent.pe.ntu.edu.tw/
2026-02-03T07:09:55,3,80,161,2026-02-03 07:09,https://rent.pe.ntu.edu.tw/
2026-02-03T07:31:32,7,80,161,2026-02-03 07:31,https://rent.pe.ntu.edu.tw/
2026-02-03T07:56:40,11,80,161,2026-02-03 07:56,https://rent.pe.ntu.edu.tw/
2026-02-03T10:11:38,38,80,161,2026-02-03 10:11,https://rent.pe.ntu.edu.tw/
2026-02-03T12:24:55,47,80,161,2026-02-03 12:24,https://rent.pe.ntu.edu.tw/
2026-02-03T13:35:36,34,80,161,2026-02-03 13:35,https://rent.pe.ntu.edu.tw/
2026-02-03T14:33:44,35,80,161,2026-02-03 14:33,https://rent.pe.ntu.edu.tw/
2026-02-03T15:32:24,55,80,161,2026-02-03 15:32,https://rent.pe.ntu.edu.tw/
2026-02-03T16:06:53,59,80,161,2026-02-03 16:06,https://rent.pe.ntu.edu.tw/
2026-02-03T16:58:43,69,80,161,2026-02-03 16:58,https://rent.pe.ntu.edu.tw/
2026-02-03T17:54:19,83,80,161,2026-02-03 17:54,https://rent.pe.ntu.edu.tw/
2026-02-03T18:41:50,58,80,161,2026-02-03 18:41,https://rent.pe.ntu.edu.tw/
2026-02-03T19:23:05,73,80,161,2026-02-03 19:23,https://rent.pe.ntu.edu.tw/
2026-02-03T19:58:25,77,80,161,2026-02-03 19:58,https://rent.pe.ntu.edu.tw/
2026-02-03T21:14:13,66,80,161,2026-02-03 21:14,https://rent.pe.ntu.edu.tw/
2026-02-03T22:12:44,7,80,161,2026-02-03 22:12,https://rent.pe.ntu.edu.tw/
2026-02-04T06:36:17,3,80,161,2026-02-04 06:36,https://rent.pe.ntu.edu.tw/
2026-02-04T07:04:22,3,80,161,2026-02-04 07:04,https://rent.pe.ntu.edu.tw/
2026-02-04T07:44:48,5,80,161,2026-02-04 07:44,https://rent.pe.ntu.edu.tw/
2026-02-04T08:01:15,9,80,161,2026-02-04 08:01,https://rent.pe.ntu.edu.tw/
2026-02-04T10:49:10,37,80,161,2026-02-04 10:49,https://rent.pe.ntu.edu.tw/
2026-02-04T12:30:13,44,80,161,2026-02-04 12:30,https://rent.pe.ntu.edu.tw/
2026-02-04T13:35:01,33,80,161,2026-02-04 13:35,https://rent.pe.ntu.edu.tw/
2026-02-04T14:32:56,28,80,161,2026-02-04 14:32,https://rent.pe.ntu.edu.tw/
2026-02-04T15:34:27,44,80,161,2026-02-04 15:34,https://rent.pe.ntu.edu.tw/
2026-02-04T16:23:30,55,80,161,2026-02-04 16:23,https://rent.pe.ntu.edu.tw/
2026-02-04T17:09:19,61,80,161,2026-02-04 17:09,https://rent.pe.ntu.edu.tw/
2026-02-04T18:03:54,97,80,161,2026-02-04 18:03,https://rent.pe.ntu.edu.tw/
2026-02-04T19:03:10,97,80,161,2026-02-04 19:03,https://rent.pe.ntu.edu.tw/
2026-02-04T19:49:10,68,80,161,2026-02-04 19:49,https://rent.pe.ntu.edu.tw/
2026-02-04T21:02:13,63,80,161,2026-02-04 21:02,https://rent.pe.ntu.edu.tw/
2026-02-04T22:10:27,7,80,161,2026-02-04 22:10,https://rent.pe.ntu.edu.tw/
2026-02-05T06:31:42,2,80,161,2026-02-05 06:31,https://rent.pe.ntu.edu.tw/
2026-02-05T06:56:37,3,80,161,2026-02-05 06:56,https://rent.pe.ntu.edu.tw/
2026-02-05T07:30:46,6,80,161,2026-02-05 07:30,https://rent.pe.ntu.edu.tw/
2026-02-05T07:55:23,9,80,161,2026-02-05 07:55,https://rent.pe.ntu.edu.tw/
2026-02-05T10:08:38,24,80,161,2026-02-05 10:08,https://rent.pe.ntu.edu.tw/
2026-02-05T12:24:51,30,80,161,2026-02-05 12:24,https://rent.pe.ntu.edu.tw/
2026-02-05T13:39:04,23,80,161,2026-02-05 13:39,https://rent.pe.ntu.edu.tw/
2026-02-05T14:39:32,25,80,161,2026-02-05 14:39,https://rent.pe.ntu.edu.tw/
2026-02-05T15:40:34,45,80,161,2026-02-05 15:40,https://rent.pe.ntu.edu.tw/
2026-02-05T16:27:05,51,80,161,2026-02-05 16:27,https://rent.pe.ntu.edu.tw/
2026-02-05T17:10:42,53,80,161,2026-02-05 17:10,https://rent.pe.ntu.edu.tw/
2026-02-05T18:03:42,61,80,161,2026-02-05 18:03,https://rent.pe.ntu.edu.tw/
2026-02-05T19:04:23,47,80,161,2026-02-05 19:04,https://rent.pe.ntu.edu.tw/
2026-02-05T19:52:22,45,80,161,2026-02-05 19:52,https://rent.pe.ntu.edu.tw/
2026-02-05T21:05:25,60,80,161,2026-02-05 21:05,https://rent.pe.ntu.edu.tw/
2026-02-05T22:12:48,11,80,161,2026-02-05 22:12,https://rent.pe.ntu.edu.tw/
2026-02-06T06:30:03,1,80,161,2026-02-06 06:30,https://rent.pe.ntu.edu.tw/
2026-02-06T06:59:05,3,80,161,2026-02-06 06:59,https://rent.pe.ntu.edu.tw/
2026-02-06T07:32:02,4,80,161,2026-02-06 07:32,https://rent.pe.ntu.edu.tw/
2026-02-06T07:59:01,6,80,161,2026-02-06 07:59,https://rent.pe.ntu.edu.tw/
2026-02-06T10:41:51,27,80,161,2026-02-06 10:41,https://rent.pe.ntu.edu.tw/
2026-02-06T12:29:58,40,80,161,2026-02-06 12:29,https://rent.pe.ntu.edu.tw/
2026-02-06T13:40:39,25,80,161,2026-02-06 13:40,https://rent.pe.ntu.edu.tw/
2026-02-06T14:36:32,22,80,161,2026-02-06 14:36,https://rent.pe.ntu.edu.tw/
2026-02-06T15:37:25,55,80,161,2026-02-06 15:37,https://rent.pe.ntu.edu.tw/
2026-02-06T16:25:41,62,80,161,2026-02-06 16:25,https://rent.pe.ntu.edu.tw/
2026-02-06T17:10:19,60,80,161,2026-02-06 17:10,https://rent.pe.ntu.edu.tw/
2026-02-06T18:02:25,59,80,161,2026-02-06 18:02,https://rent.pe.ntu.edu.tw/
2026-02-06T19:03:19,48,80,161,2026-02-06 19:03,https://rent.pe.ntu.edu.tw/
2026-02-06T19:49:58,59,80,161,2026-02-06 19:49,https://rent.pe.ntu.edu.tw/
2026-02-06T21:02:57,55,80,161,2026-02-06 21:02,https://rent.pe.ntu.edu.tw/
2026-02-06T22:09:45,10,80,161,2026-02-06 22:09,https://rent.pe.ntu.edu.tw/
2026-02-07T06:27:13,0,80,161,2026-02-07 06:27,https://rent.pe.ntu.edu.tw/
2026-02-07T06:52:06,0,80,161,2026-02-07 06:52,https://rent.pe.ntu.edu.tw/
2026-02-07T07:28:31,0,80,161,2026-02-07 07:28,https://rent.pe.ntu.edu.tw/
2026-02-07T07:52:26,0,80,161,2026-02-07 07:52,https://rent.pe.ntu.edu.tw/
2026-02-07T10:04:10,19,80,161,2026-02-07 10:04,https://rent.pe.ntu.edu.tw/
2026-02-07T12:17:44,30,80,161,2026-02-07 12:17,https://rent.pe.ntu.edu.tw/
2026-02-07T13:28:12,35,80,161,2026-02-07 13:28,https://rent.pe.ntu.edu.tw/
2026-02-07T14:05:10,27,80,161,2026-02-07 14:05,https://rent.pe.ntu.edu.tw/
2026-02-07T15:03:57,21,80,161,2026-02-07 15:03,https://rent.pe.ntu.edu.tw/
2026-02-07T15:47:39,35,80,161,2026-02-07 15:47,https://rent.pe.ntu.edu.tw/
2026-02-07T16:34:27,42,80,161,2026-02-07 16:34,https://rent.pe.ntu.edu.tw/
2026-02-07T17:04:18,45,80,161,2026-02-07 17:04,https://rent.pe.ntu.edu.tw/
2026-02-07T17:47:05,48,80,161,2026-02-07 17:47,https://rent.pe.ntu.edu.tw/
2026-02-07T18:28:43,46,80,161,2026-02-07 18:28,https://rent.pe.ntu.edu.tw/
2026-02-07T18:55:24,39,80,161,2026-02-07 18:55,https://rent.pe.ntu.edu.tw/
2026-02-07T19:23:42,26,80,161,2026-02-07 19:23,https://rent.pe.ntu.edu.tw/
2026-02-07T19:47:10,22,80,161,2026-02-07 19:47,https://rent.pe.ntu.edu.tw/
2026-02-07T20:52:06,36,80,161,2026-02-07 20:52,https://rent.pe.ntu.edu.tw/
2026-02-07T21:45:49,14,80,161,2026-02-07 21:45,https://rent.pe.ntu.edu.tw/
2026-02-07T22:15:12,0,80,161,2026-02-07 22:15,https://rent.pe.ntu.edu.tw/
2026-02-08T06:29:01,0,80,161,2026-02-08 06:29,https://rent.pe.ntu.edu.tw/
2026-02-08T06:58:16,0,80,161,2026-02-08 06:58,https://rent.pe.ntu.edu.tw/
2026-02-08T07:35:58,0,80,161,2026-02-08 07:35,https://rent.pe.ntu.edu.tw/
2026-02-08T08:04:17,2,80,161,2026-02-08 08:04,https://rent.pe.ntu.edu.tw/
2026-02-08T11:36:17,31,80,161,2026-02-08 11:36,https://rent.pe.ntu.edu.tw/
2026-02-08T13:18:50,19,80,161,2026-02-08 13:18,https://rent.pe.ntu.edu.tw/
2026-02-08T14:13:14,31,80,161,2026-02-08 14:13,https://rent.pe.ntu.edu.tw/
2026-02-08T15:09:48,46,80,161,2026-02-08 15:09,https://rent.pe.ntu.edu.tw/
2026-02-08T15:52:11,56,80,161,2026-02-08 15:52,https://rent.pe.ntu.edu.tw/
2026-02-08T16:35:49,64,80,161,2026-02-08 16:35,https://rent.pe.ntu.edu.tw/
2026-02-08T17:05:05,66,80,161,2026-02-08 17:05,https://rent.pe.ntu.edu.tw/
2026-02-08T17:46:45,38,80,161,2026-02-08 17:46,https://rent.pe.ntu.edu.tw/
2026-02-08T18:02:37,12,80,161,2026-02-08 18:02,https://rent.pe.ntu.edu.tw/
2026-02-08T18:49:08,0,80,161,2026-02-08 18:49,https://rent.pe.ntu.edu.tw/
2026-02-08T19:24:54,0,80,161,2026-02-08 19:24,https://rent.pe.ntu.edu.tw/
2026-02-08T19:47:29,0,80,161,2026-02-08 19:47,https://rent.pe.ntu.edu.tw/
2026-02-08T20:53:28,0,80,161,2026-02-08 20:53,https://rent.pe.ntu.edu.tw/
2026-02-08T21:47:47,0,80,161,2026-02-08 21:47,https://rent.pe.ntu.edu.tw/
2026-02-09T06:30:08,4,80,161,2026-02-09 06:30,https://rent.pe.ntu.edu.tw/
2026-02-09T06:59:57,5,80,161,2026-02-09 06:59,https://rent.pe.ntu.edu.tw/
2026-02-09T07:40:40,7,80,161,2026-02-09 07:40,https://rent.pe.ntu.edu.tw/
2026-02-09T08:00:35,12,80,161,2026-02-09 08:00,https://rent.pe.ntu.edu.tw/
2026-02-09T11:15:26,43,80,161,2026-02-09 11:15,https://rent.pe.ntu.edu.tw/
2026-02-09T13:14:36,34,80,161,2026-02-09 13:14,https://rent.pe.ntu.edu.tw/
2026-02-09T14:18:59,32,80,161,2026-02-09 14:18,https://rent.pe.ntu.edu.tw/
2026-02-09T15:39:03,57,80,161,2026-02-09 15:39,https://rent.pe.ntu.edu.tw/
2026-02-09T16:32:16,64,80,161,2026-02-09 16:32,https://rent.pe.ntu.edu.tw/
2026-02-09T17:44:31,75,80,161,2026-02-09 17:44,https://rent.pe.ntu.edu.tw/
2026-02-09T18:43:10,57,80,161,2026-02-09 18:43,https://rent.pe.ntu.edu.tw/
2026-02-09T19:34:15,75,80,161,2026-02-09 19:34,https://rent.pe.ntu.edu.tw/
2026-02-09T20:35:21,66,80,161,2026-02-09 20:35,https://rent.pe.ntu.edu.tw/
2026-02-09T22:03:09,9,80,161,2026-02-09 22:03,https://rent.pe.ntu.edu.tw/
2026-02-10T06:38:41,3,80,161,2026-02-10 06:38,https://rent.pe.ntu.edu.tw/
2026-02-10T07:23:38,5,80,161,2026-02-10 07:23,https://rent.pe.ntu.edu.tw/
2026-02-10T08:03:08,9,80,161,2026-02-10 08:03,https://rent.pe.ntu.edu.tw/
2026-02-10T11:30:45,60,80,161,2026-02-10 11:30,https://rent.pe.ntu.edu.tw/
2026-02-10T13:20:53,28,80,161,2026-02-10 13:20,https://rent.pe.ntu.edu.tw/
2026-02-10T14:44:08,35,80,161,2026-02-10 14:44,https://rent.pe.ntu.edu.tw/
2026-02-10T15:47:02,43,80,161,2026-02-10 15:47,https://rent.pe.ntu.edu.tw/
2026-02-10T16:58:00,49,80,161,2026-02-10 16:58,https://rent.pe.ntu.edu.tw/
2026-02-10T18:04:46,70,80,161,2026-02-10 18:04,https://rent.pe.ntu.edu.tw/
2026-02-10T19:14:06,50,80,161,2026-02-10 19:14,https://rent.pe.ntu.edu.tw/
2026-02-10T21:55:20,16,80,161,2026-02-10 21:55,https://rent.pe.ntu.edu.tw/
2026-02-11T06:41:56,8,80,161,2026-02-11 06:41,https://rent.pe.ntu.edu.tw/
2026-02-11T07:26:29,11,80,161,2026-02-11 07:26,https://rent.pe.ntu.edu.tw/
2026-02-11T08:03:25,14,80,161,2026-02-11 08:03,https://rent.pe.ntu.edu.tw/
2026-02-11T11:27:32,55,80,161,2026-02-11 11:27,https://rent.pe.ntu.edu.tw/
2026-02-11T13:18:31,29,80,161,2026-02-11 13:18,https://rent.pe.ntu.edu.tw/
2026-02-11T14:41:26,47,80,161,2026-02-11 14:41,https://rent.pe.ntu.edu.tw/
2026-02-11T15:42:22,51,80,161,2026-02-11 15:42,https://rent.pe.ntu.edu.tw/
2026-02-11T16:30:03,46,80,161,2026-02-11 16:30,https://rent.pe.ntu.edu.tw/
2026-02-11T17:31:26,56,80,161,2026-02-11 17:31,https://rent.pe.ntu.edu.tw/
2026-02-11T18:30:45,60,80,161,2026-02-11 18:30,https://rent.pe.ntu.edu.tw/
2026-02-11T19:28:06,55,80,161,2026-02-11 19:28,https://rent.pe.ntu.edu.tw/
2026-02-11T20:05:33,59,80,161,2026-02-11 20:05,https://rent.pe.ntu.edu.tw/
2026-02-11T21:57:02,7,80,161,2026-02-11 21:57,https://rent.pe.ntu.edu.tw/
2026-02-12T06:31:05,0,80,161,2026-02-12 06:31,https://rent.pe.ntu.edu.tw/
2026-02-12T07:03:28,0,80,161,2026-02-12 07:03,https://rent.pe.ntu.edu.tw/
2026-02-12T07:48:50,0,80,161,2026-02-12 07:48,https://rent.pe.ntu.edu.tw/
2026-02-12T10:15:07,23,80,161,2026-02-12 10:15,https://rent.pe.ntu.edu.tw/
2026-02-12T13:52:35,14,80,161,2026-02-12 13:52,https://rent.pe.ntu.edu.tw/
2026-02-12T15:03:47,27,80,161,2026-02-12 15:03,https://rent.pe.ntu.edu.tw/
2026-02-12T16:00:55,44,80,161,2026-02-12 16:00,https://rent.pe.ntu.edu.tw/
2026-02-12T17:01:05,49,80,161,2026-02-12 17:01,https://rent.pe.ntu.edu.tw/
2026-02-12T18:02:27,10,80,161,2026-02-12 18:02,https://rent.pe.ntu.edu.tw/
2026-02-12T19:09:21,0,80,161,2026-02-12 19:09,https://rent.pe.ntu.edu.tw/
2026-02-12T19:58:22,0,80,161,2026-02-12 19:58,https://rent.pe.ntu.edu.tw/
2026-02-12T21:19:22,0,80,161,2026-02-12 21:19,https://rent.pe.ntu.edu.tw/
2026-02-12T22:33:19,0,80,161,2026-02-12 22:33,https://rent.pe.ntu.edu.tw/
2026-02-13T06:34:54,0,80,161,2026-02-13 06:34,https://rent.pe.ntu.edu.tw/
2026-02-13T07:04:24,0,80,161,2026-02-13 07:04,https://rent.pe.ntu.edu.tw/
2026-02-13T07:47:05,0,80,161,2026-02-13 07:47,https://rent.pe.ntu.edu.tw/
2026-02-13T10:24:56,27,80,161,2026-02-13 10:24,https://rent.pe.ntu.edu.tw/
2026-02-13T12:34:23,23,80,161,2026-02-13 12:34,https://rent.pe.ntu.edu.tw/
2026-02-13T13:48:35,12,80,161,2026-02-13 13:48,https://rent.pe.ntu.edu.tw/
2026-02-13T15:01:29,28,80,161,2026-02-13 15:01,https://rent.pe.ntu.edu.tw/
2026-02-13T15:56:55,46,80,161,2026-02-13 15:56,https://rent.pe.ntu.edu.tw/
2026-02-13T16:44:53,54,80,161,2026-02-13 16:44,https://rent.pe.ntu.edu.tw/
2026-02-13T17:30:49,45,80,161,2026-02-13 17:30,https://rent.pe.ntu.edu.tw/
2026-02-13T18:11:39,0,80,161,2026-02-13 18:11,https://rent.pe.ntu.edu.tw/
2026-02-13T19:04:12,0,80,161,2026-02-13 19:04,https://rent.pe.ntu.edu.tw/
2026-02-13T19:48:02,0,80,161,2026-02-13 19:48,https://rent.pe.ntu.edu.tw/
2026-02-13T21:02:27,0,80,161,2026-02-13 21:02,https://rent.pe.ntu.edu.tw/
2026-02-13T22:10:16,0,80,161,2026-02-13 22:10,https://rent.pe.ntu.edu.tw/
2026-02-14T06:35:31,0,80,161,2026-02-14 06:35,https://rent.pe.ntu.edu.tw/
2026-02-14T07:07:03,0,80,161,2026-02-14 07:07,https://rent.pe.ntu.edu.tw/
2026-02-14T07:46:30,0,80,161,2026-02-14 07:46,https://rent.pe.ntu.edu.tw/
2026-02-14T08:04:23,0,80,161,2026-02-14 08:04,https://rent.pe.ntu.edu.tw/
2026-02-14T11:09:15,20,80,161,2026-02-14 11:09,https://rent.pe.ntu.edu.tw/
2026-02-14T12:53:33,24,80,161,2026-02-14 12:53,https://rent.pe.ntu.edu.tw/
2026-02-14T13:46:36,20,80,161,2026-02-14 13:46,https://rent.pe.ntu.edu.tw/
2026-02-14T14:28:45,25,80,161,2026-02-14 14:28,https://rent.pe.ntu.edu.tw/
2026-02-14T15:13:08,29,80,161,2026-02-14 15:13,https://rent.pe.ntu.edu.tw/
2026-02-14T15:49:54,35,80,161,2026-02-14 15:49,https://rent.pe.ntu.edu.tw/
2026-02-14T16:35:26,47,80,161,2026-02-14 16:35,https://rent.pe.ntu.edu.tw/
2026-02-14T17:05:11,45,80,161,2026-02-14 17:05,https://rent.pe.ntu.edu.tw/
2026-02-14T17:47:41,29,80,161,2026-02-14 17:47,https://rent.pe.ntu.edu.tw/
2026-02-14T18:28:54,0,80,161,2026-02-14 18:28,https://rent.pe.ntu.edu.tw/
2026-02-14T18:56:37,0,80,161,2026-02-14 18:56,https://rent.pe.ntu.edu.tw/
2026-02-14T19:24:50,0,80,161,2026-02-14 19:24,https://rent.pe.ntu.edu.tw/
2026-02-14T19:47:38,0,80,161,2026-02-14 19:47,https://rent.pe.ntu.edu.tw/
2026-02-14T20:52:24,0,80,161,2026-02-14 20:52,https://rent.pe.ntu.edu.tw/
2026-02-14T21:46:00,0,80,161,2026-02-14 21:46,https://rent.pe.ntu.edu.tw/
2026-02-14T22:15:31,0,80,161,2026-02-14 22:15,https://rent.pe.ntu.edu.tw/
2026-02-15T06:26:08,0,80,161,2026-02-15 06:26,https://rent.pe.ntu.edu.tw/
2026-02-15T06:52:32,0,80,161,2026-02-15 06:52,https://rent.pe.ntu.edu.tw/
2026-02-15T07:26:47,0,80,161,2026-02-15 07:26,https://rent.pe.ntu.edu.tw/
2026-02-15T07:49:59,0,80,161,2026-02-15 07:49,https://rent.pe.ntu.edu.tw/
2026-02-15T10:24:27,0,80,161,2026-02-15 10:24,https://rent.pe.ntu.edu.tw/
2026-02-15T12:35:31,0,80,161,2026-02-15 12:35,https://rent.pe.ntu.edu.tw/
2026-02-15T13:45:57,0,80,161,2026-02-15 13:45,https://rent.pe.ntu.edu.tw/
2026-02-15T14:35:32,0,80,161,2026-02-15 14:35,https://rent.pe.ntu.edu.tw/
2026-02-15T15:29:06,0,80,161,2026-02-15 15:29,https://rent.pe.ntu.edu.tw/
2026-02-15T15:59:40,0,80,161,2026-02-15 15:59,https://rent.pe.ntu.edu.tw/
2026-02-15T16:44:32,0,80,161,2026-02-15 16:44,https://rent.pe.ntu.edu.tw/
2026-02-15T17:17:21,0,80,161,2026-02-15 17:17,https://rent.pe.ntu.edu.tw/
2026-02-15T17:55:45,0,80,161,2026-02-15 17:55,https://rent.pe.ntu.edu.tw/
2026-02-15T18:28:36,0,80,161,2026-02-15 18:28,https://rent.pe.ntu.edu.tw/
2026-02-15T18:56:27,0,80,161,2026-02-15 18:56,https://rent.pe.ntu.edu.tw/
2026-02-15T19:24:50,0,80,161,2026-02-15 19:24,https://rent.pe.ntu.edu.tw/
2026-02-15T19:47:56,0,80,161,2026-02-15 19:47,https://rent.pe.ntu.edu.tw/
2026-02-15T20:54:16,0,80,161,2026-02-15 20:54,https://rent.pe.ntu.edu.tw/
2026-02-15T21:47:36,0,80,161,2026-02-15 21:47,https://rent.pe.ntu.edu.tw/
2026-02-16T06:26:45,0,80,161,2026-02-16 06:26,https://rent.pe.ntu.edu.tw/
2026-02-16T06:54:11,0,80,161,2026-02-16 06:54,https://rent.pe.ntu.edu.tw/
2026-02-16T07:29:03,0,80,161,2026-02-16 07:29,https://rent.pe.ntu.edu.tw/
2026-02-16T07:54:30,0,80,161,2026-02-16 07:54,https://rent.pe.ntu.edu.tw/
2026-02-16T10:13:14,0,80,161,2026-02-16 10:13,https://rent.pe.ntu.edu.tw/
2026-02-16T12:36:41,0,80,161,2026-02-16 12:36,https://rent.pe.ntu.edu.tw/
2026-02-16T13:58:14,0,80,161,2026-02-16 13:58,https://rent.pe.ntu.edu.tw/
2026-02-16T15:10:43,0,80,161,2026-02-16 15:10,https://rent.pe.ntu.edu.tw/
2026-02-16T16:02:35,0,80,161,2026-02-16 16:02,https://rent.pe.ntu.edu.tw/
2026-02-16T17:08:38,0,80,161,2026-02-16 17:08,https://rent.pe.ntu.edu.tw/
2026-02-16T18:12:49,0,80,161,2026-02-16 18:12,https://rent.pe.ntu.edu.tw/
2026-02-16T19:10:12,0,80,161,2026-02-16 19:10,https://rent.pe.ntu.edu.tw/
2026-02-16T19:56:20,0,80,161,2026-02-16 19:56,https://rent.pe.ntu.edu.tw/
2026-02-16T21:06:30,0,80,161,2026-02-16 21:06,https://rent.pe.ntu.edu.tw/
2026-02-16T22:13:12,0,80,161,2026-02-16 22:13,https://rent.pe.ntu.edu.tw/
2026-02-17T06:31:11,0,80,161,2026-02-17 06:31,https://rent.pe.ntu.edu.tw/
2026-02-17T07:01:09,0,80,161,2026-02-17 07:01,https://rent.pe.ntu.edu.tw/
2026-02-17T07:40:57,0,80,161,2026-02-17 07:40,https://rent.pe.ntu.edu.tw/
2026-02-17T08:01:51,0,80,161,2026-02-17 08:01,https://rent.pe.ntu.edu.tw/
2026-02-17T10:54:06,0,80,161,2026-02-17 10:54,https://rent.pe.ntu.edu.tw/
2026-02-17T12:53:54,0,80,161,2026-02-17 12:53,https://rent.pe.ntu.edu.tw/
2026-02-17T13:59:45,0,80,161,2026-02-17 13:59,https://rent.pe.ntu.edu.tw/
2026-02-17T15:08:47,0,80,161,2026-02-17 15:08,https://rent.pe.ntu.edu.tw/
2026-02-17T16:00:25,0,80,161,2026-02-17 16:00,https://rent.pe.ntu.edu.tw/
2026-02-17T16:59:54,0,80,161,2026-02-17 16:59,https://rent.pe.ntu.edu.tw/
2026-02-17T18:00:26,0,80,161,2026-02-17 18:00,https://rent.pe.ntu.edu.tw/
2026-02-17T18:57:57,0,80,161,2026-02-17 18:57,https://rent.pe.ntu.edu.tw/
2026-02-17T19:43:47,0,80,161,2026-02-17 19:43,https://rent.pe.ntu.edu.tw/
2026-02-17T20:08:45,0,80,161,2026-02-17 20:08,https://rent.pe.ntu.edu.tw/
2026-02-17T21:41:06,0,80,161,2026-02-17 21:41,https://rent.pe.ntu.edu.tw/
2026-02-17T22:35:09,0,80,161,2026-02-17 22:35,https://rent.pe.ntu.edu.tw/
2026-02-18T06:33:57,0,80,161,2026-02-18 06:33,https://rent.pe.ntu.edu.tw/
2026-02-18T07:04:23,0,80,161,2026-02-18 07:04,https://rent.pe.ntu.edu.tw/
2026-02-18T07:47:05,0,80,161,2026-02-18 07:47,https://rent.pe.ntu.edu.tw/
2026-02-18T10:14:06,0,80,161,2026-02-18 10:14,https://rent.pe.ntu.edu.tw/
2026-02-18T12:31:48,0,80,161,2026-02-18 12:31,https://rent.pe.ntu.edu.tw/
2026-02-18T13:47:51,0,80,161,2026-02-18 13:47,https://rent.pe.ntu.edu.tw/
2026-02-18T15:03:40,0,80,161,2026-02-18 15:03,https://rent.pe.ntu.edu.tw/
2026-02-18T15:59:21,0,80,161,2026-02-18 15:59,https://rent.pe.ntu.edu.tw/
2026-02-18T16:58:41,0,80,161,2026-02-18 16:58,https://rent.pe.ntu.edu.tw/
2026-02-18T17:57:51,0,80,161,2026-02-18 17:57,https://rent.pe.ntu.edu.tw/
2026-02-18T18:51:23,0,80,161,2026-02-18 18:51,https://rent.pe.ntu.edu.tw/
2026-02-18T19:40:16,0,80,161,2026-02-18 19:40,https://rent.pe.ntu.edu.tw/
2026-02-18T20:06:04,0,80,161,2026-02-18 20:06,https://rent.pe.ntu.edu.tw/
2026-02-18T21:42:40,0,80,161,2026-02-18 21:42,https://rent.pe.ntu.edu.tw/
2026-02-18T22:34:56,0,80,161,2026-02-18 22:34,https://rent.pe.ntu.edu.tw/
2026-02-19T06:35:30,0,80,161,2026-02-19 06:35,https://rent.pe.ntu.edu.tw/
2026-02-19T07:06:28,0,80,161,2026-02-19 07:06,https://rent.pe.ntu.edu.tw/
2026-02-19T07:46:51,0,80,161,2026-02-19 07:46,https://rent.pe.ntu.edu.tw/
2026-02-19T08:05:01,0,80,161,2026-02-19 08:05,https://rent.pe.ntu.edu.tw/
2026-02-19T11:17:43,0,80,161,2026-02-19 11:17,https://rent.pe.ntu.edu.tw/
2026-02-19T13:11:25,0,80,161,2026-02-19 13:11,https://rent.pe.ntu.edu.tw/
2026-02-19T14:15:58,0,80,161,2026-02-19 14:15,https://rent.pe.ntu.edu.tw/
2026-02-19T15:19:59,0,80,161,2026-02-19 15:19,https://rent.pe.ntu.edu.tw/
2026-02-19T16:05:23,0,80,161,2026-02-19 16:05,https://rent.pe.ntu.edu.tw/
2026-02-19T17:06:14,0,80,161,2026-02-19 17:06,https://rent.pe.ntu.edu.tw/
2026-02-19T18:07:32,0,80,161,2026-02-19 18:07,https://rent.pe.ntu.edu.tw/
2026-02-19T19:08:59,0,80,161,2026-02-19 19:08,https://rent.pe.ntu.edu.tw/
2026-02-19T19:56:36,0,80,161,2026-02-19 19:56,https://rent.pe.ntu.edu.tw/
2026-02-19T21:08:53,0,80,161,2026-02-19 21:08,https://rent.pe.ntu.edu.tw/
2026-02-19T22:16:55,0,80,161,2026-02-19 22:16,https://rent.pe.ntu.edu.tw/
2026-02-20T06:34:36,0,80,161,2026-02-20 06:34,https://rent.pe.ntu.edu.tw/
2026-02-20T07:07:18,0,80,161,2026-02-20 07:07,https://rent.pe.ntu.edu.tw/
2026-02-20T07:48:06,0,80,161,2026-02-20 07:48,https://rent.pe.ntu.edu.tw/
2026-02-20T10:09:48,0,80,161,2026-02-20 10:09,https://rent.pe.ntu.edu.tw/
2026-02-20T12:26:05,1,80,161,2026-02-20 12:26,https://rent.pe.ntu.edu.tw/
2026-02-20T13:38:40,0,80,161,2026-02-20 13:38,https://rent.pe.ntu.edu.tw/
2026-02-20T14:38:14,0,80,161,2026-02-20 14:38,https://rent.pe.ntu.edu.tw/
2026-02-20T15:39:27,0,80,161,2026-02-20 15:39,https://rent.pe.ntu.edu.tw/
2026-02-20T16:27:01,0,80,161,2026-02-20 16:27,https://rent.pe.ntu.edu.tw/
2026-02-20T17:08:41,0,80,161,2026-02-20 17:08,https://rent.pe.ntu.edu.tw/
2026-02-20T18:00:42,1,80,161,2026-02-20 18:00,https://rent.pe.ntu.edu.tw/
2026-02-20T18:51:21,0,80,161,2026-02-20 18:51,https://rent.pe.ntu.edu.tw/
2026-02-20T19:35:28,0,80,161,2026-02-20 19:35,https://rent.pe.ntu.edu.tw/
2026-02-20T20:03:11,0,80,161,2026-02-20 20:03,https://rent.pe.ntu.edu.tw/
2026-02-20T21:35:49,0,80,161,2026-02-20 21:35,https://rent.pe.ntu.edu.tw/
2026-02-20T22:28:37,0,80,161,2026-02-20 22:28,https://rent.pe.ntu.edu.tw/
2026-02-21T06:29:46,0,80,161,2026-02-21 06:29,https://rent.pe.ntu.edu.tw/
2026-02-21T06:59:23,0,80,161,2026-02-21 06:59,https://rent.pe.ntu.edu.tw/
2026-02-21T07:35:25,1,80,161,2026-02-21 07:35,https://rent.pe.ntu.edu.tw/
2026-02-21T08:01:16,1,80,161,2026-02-21 08:01,https://rent.pe.ntu.edu.tw/
2026-02-21T10:44:39,41,80,161,2026-02-21 10:44,https://rent.pe.ntu.edu.tw/
2026-02-21T12:22:40,32,80,161,2026-02-21 12:22,https://rent.pe.ntu.edu.tw/
2026-02-21T13:29:30,27,80,161,2026-02-21 13:29,https://rent.pe.ntu.edu.tw/
2026-02-21T14:05:56,27,80,161,2026-02-21 14:05,https://rent.pe.ntu.edu.tw/
2026-02-21T15:04:11,28,80,161,2026-02-21 15:04,https://rent.pe.ntu.edu.tw/
2026-02-21T15:47:26,40,80,161,2026-02-21 15:47,https://rent.pe.ntu.edu.tw/
2026-02-21T16:02:34,38,80,161,2026-02-21 16:02,https://rent.pe.ntu.edu.tw/
2026-02-21T16:46:11,44,80,161,2026-02-21 16:46,https://rent.pe.ntu.edu.tw/
2026-02-21T17:06:53,46,80,161,2026-02-21 17:06,https://rent.pe.ntu.edu.tw/
2026-02-21T17:47:43,31,80,161,2026-02-21 17:47,https://rent.pe.ntu.edu.tw/
2026-02-21T18:02:51,3,80,161,2026-02-21 18:02,https://rent.pe.ntu.edu.tw/
2026-02-21T18:48:05,0,80,161,2026-02-21 18:48,https://rent.pe.ntu.edu.tw/
2026-02-21T19:25:11,0,80,161,2026-02-21 19:25,https://rent.pe.ntu.edu.tw/
2026-02-21T19:47:59,0,80,161,2026-02-21 19:47,https://rent.pe.ntu.edu.tw/
2026-02-21T20:00:31,0,80,161,2026-02-21 20:00,https://rent.pe.ntu.edu.tw/
2026-02-21T21:07:17,0,80,161,2026-02-21 21:07,https://rent.pe.ntu.edu.tw/
2026-02-21T21:55:26,0,80,161,2026-02-21 21:55,https://rent.pe.ntu.edu.tw/
2026-02-22T06:27:25,0,80,161,2026-02-22 06:27,https://rent.pe.ntu.edu.tw/
2026-02-22T06:53:03,0,80,161,2026-02-22 06:53,https://rent.pe.ntu.edu.tw/
2026-02-22T07:27:56,0,80,161,2026-02-22 07:27,https://rent.pe.ntu.edu.tw/
2026-02-22T07:50:02,0,80,161,2026-02-22 07:50,https://rent.pe.ntu.edu.tw/
2026-02-22T10:14:10,20,80,161,2026-02-22 10:14,https://rent.pe.ntu.edu.tw/
2026-02-22T12:28:54,26,80,161,2026-02-22 12:28,https://rent.pe.ntu.edu.tw/
2026-02-22T13:38:15,30,80,161,2026-02-22 13:38,https://rent.pe.ntu.edu.tw/
2026-02-22T14:31:33,35,80,161,2026-02-22 14:31,https://rent.pe.ntu.edu.tw/
2026-02-22T15:24:59,59,80,161,2026-02-22 15:24,https://rent.pe.ntu.edu.tw/
2026-02-22T15:56:50,68,80,161,2026-02-22 15:56,https://rent.pe.ntu.edu.tw/
2026-02-22T16:36:33,71,80,161,2026-02-22 16:36,https://rent.pe.ntu.edu.tw/
2026-02-22T17:05:36,62,80,161,2026-02-22 17:05,https://rent.pe.ntu.edu.tw/
2026-02-22T17:48:44,34,80,161,2026-02-22 17:48,https://rent.pe.ntu.edu.tw/
2026-02-22T18:28:43,0,80,161,2026-02-22 18:28,https://rent.pe.ntu.edu.tw/
2026-02-22T18:54:55,0,80,161,2026-02-22 18:54,https://rent.pe.ntu.edu.tw/
2026-02-22T19:24:40,0,80,161,2026-02-22 19:24,https://rent.pe.ntu.edu.tw/
2026-02-22T19:47:38,0,80,161,2026-02-22 19:47,https://rent.pe.ntu.edu.tw/
2026-02-22T20:00:11,0,80,161,2026-02-22 20:00,https://rent.pe.ntu.edu.tw/
2026-02-22T21:07:49,0,80,161,2026-02-22 21:07,https://rent.pe.ntu.edu.tw/
2026-02-22T21:55:35,0,80,161,2026-02-22 21:55,https://rent.pe.ntu.edu.tw/
2026-02-23T06:28:13,3,80,161,2026-02-23 06:28,https://rent.pe.ntu.edu.tw/
2026-02-23T06:55:01,3,80,161,2026-02-23 06:55,https://rent.pe.ntu.edu.tw/
2026-02-23T07:29:29,2,80,161,2026-02-23 07:29,https://rent.pe.ntu.edu.tw/
2026-02-23T07:52:34,1,80,161,2026-02-23 07:52,https://rent.pe.ntu.edu.tw/
2026-02-23T10:14:38,0,80,161,2026-02-23 10:14,https://rent.pe.ntu.edu.tw/
2026-02-23T12:36:25,4,80,161,2026-02-23 12:36,https://rent.pe.ntu.edu.tw/
2026-02-23T13:56:49,2,80,161,2026-02-23 13:56,https://rent.pe.ntu.edu.tw/
2026-02-23T15:07:53,0,80,161,2026-02-23 15:07,https://rent.pe.ntu.edu.tw/
2026-02-23T16:04:45,0,80,161,2026-02-23 16:04,https://rent.pe.ntu.edu.tw/
2026-02-23T17:09:26,100,80,161,2026-02-23 17:09,https://rent.pe.ntu.edu.tw/
2026-02-23T18:14:39,123,80,161,2026-02-23 18:14,https://rent.pe.ntu.edu.tw/
2026-02-23T19:11:26,104,80,161,2026-02-23 19:11,https://rent.pe.ntu.edu.tw/
2026-02-23T19:56:54,99,80,161,2026-02-23 19:56,https://rent.pe.ntu.edu.tw/
2026-02-23T21:16:36,78,80,161,2026-02-23 21:16,https://rent.pe.ntu.edu.tw/
2026-02-23T22:16:57,19,80,161,2026-02-23 22:16,https://rent.pe.ntu.edu.tw/
2026-02-24T06:43:50,14,80,161,2026-02-24 06:43,https://rent.pe.ntu.edu.tw/
2026-02-24T07:25:19,22,80,161,2026-02-24 07:25,https://rent.pe.ntu.edu.tw/
2026-02-24T07:57:26,44,80,161,2026-02-24 07:57,https://rent.pe.ntu.edu.tw/
2026-02-24T10:11:09,49,80,161,2026-02-24 10:11,https://rent.pe.ntu.edu.tw/
2026-02-24T12:29:09,82,80,161,2026-02-24 12:29,https://rent.pe.ntu.edu.tw/
2026-02-24T13:44:16,57,80,161,2026-02-24 13:44,https://rent.pe.ntu.edu.tw/
2026-02-24T14:43:59,83,80,161,2026-02-24 14:43,https://rent.pe.ntu.edu.tw/
2026-02-24T15:46:29,109,80,161,2026-02-24 15:46,https://rent.pe.ntu.edu.tw/
2026-02-24T16:30:53,100,80,161,2026-02-24 16:30,https://rent.pe.ntu.edu.tw/
2026-02-24T17:32:47,129,80,161,2026-02-24 17:32,https://rent.pe.ntu.edu.tw/
2026-02-24T18:41:53,95,80,161,2026-02-24 18:41,https://rent.pe.ntu.edu.tw/
2026-02-24T19:34:53,84,80,161,2026-02-24 19:34,https://rent.pe.ntu.edu.tw/
2026-02-24T20:04:10,94,80,161,2026-02-24 20:04,https://rent.pe.ntu.edu.tw/
2026-02-24T21:46:34,38,80,161,2026-02-24 21:46,https://rent.pe.ntu.edu.tw/
2026-02-24T22:43:10,11,80,161,2026-02-24 22:43,https://rent.pe.ntu.edu.tw/
2026-02-25T06:38:46,7,80,161,2026-02-25 06:38,https://rent.pe.ntu.edu.tw/
2026-02-25T07:07:58,17,80,161,2026-02-25 07:07,https://rent.pe.ntu.edu.tw/
2026-02-25T07:49:53,29,80,161,2026-02-25 07:49,https://rent.pe.ntu.edu.tw/
2026-02-25T10:15:49,56,80,161,2026-02-25 10:15,https://rent.pe.ntu.edu.tw/
2026-02-25T12:30:59,82,80,161,2026-02-25 12:30,https://rent.pe.ntu.edu.tw/
2026-02-25T13:50:36,63,80,161,2026-02-25 13:50,https://rent.pe.ntu.edu.tw/
2026-02-25T14:49:17,76,80,161,2026-02-25 14:49,https://rent.pe.ntu.edu.tw/
2026-02-25T15:44:25,117,80,161,2026-02-25 15:44,https://rent.pe.ntu.edu.tw/
2026-02-25T16:32:16,118,80,161,2026-02-25 16:32,https://rent.pe.ntu.edu.tw/
2026-02-25T17:39:15,103,80,161,2026-02-25 17:39,https://rent.pe.ntu.edu.tw/
2026-02-25T18:37:41,97,80,161,2026-02-25 18:37,https://rent.pe.ntu.edu.tw/
2026-02-25T19:38:22,81,80,161,2026-02-25 19:38,https://rent.pe.ntu.edu.tw/
2026-02-25T20:04:40,74,80,161,2026-02-25 20:04,https://rent.pe.ntu.edu.tw/
2026-02-25T21:53:52,28,80,161,2026-02-25 21:53,https://rent.pe.ntu.edu.tw/
2026-02-25T22:41:19,14,80,161,2026-02-25 22:41,https://rent.pe.ntu.edu.tw/
2026-02-26T06:36:59,11,80,161,2026-02-26 06:36,https://rent.pe.ntu.edu.tw/
2026-02-26T07:08:23,16,80,161,2026-02-26 07:08,https://rent.pe.ntu.edu.tw/
2026-02-26T07:47:18,28,80,161,2026-02-26 07:47,https://rent.pe.ntu.edu.tw/
2026-02-26T08:05:25,24,80,161,2026-02-26 08:05,https://rent.pe.ntu.edu.tw/
2026-02-26T11:13:33,76,80,161,2026-02-26 11:13,https://rent.pe.ntu.edu.tw/
2026-02-26T13:04:35,70,80,161,2026-02-26 13:04,https://rent.pe.ntu.edu.tw/
2026-02-26T14:14:51,56,80,161,2026-02-26 14:14,https://rent.pe.ntu.edu.tw/
2026-02-26T15:20:03,67,80,161,2026-02-26 15:20,https://rent.pe.ntu.edu.tw/
2026-02-26T16:07:30,88,80,161,2026-02-26 16:07,https://rent.pe.ntu.edu.tw/
2026-02-26T17:08:14,103,80,161,2026-02-26 17:08,https://rent.pe.ntu.edu.tw/
2026-02-26T18:09:27,87,80,161,2026-02-26 18:09,https://rent.pe.ntu.edu.tw/
2026-02-26T19:10:02,76,80,161,2026-02-26 19:10,https://rent.pe.ntu.edu.tw/
2026-02-26T19:57:48,69,80,161,2026-02-26 19:57,https://rent.pe.ntu.edu.tw/
2026-02-26T21:10:36,69,80,161,2026-02-26 21:10,https://rent.pe.ntu.edu.tw/
2026-02-26T22:19:53,6,80,161,2026-02-26 22:19,https://rent.pe.ntu.edu.tw/
2026-02-27T06:36:54,0,80,161,2026-02-27 06:36,https://rent.pe.ntu.edu.tw/
2026-02-27T07:07:46,0,80,161,2026-02-27 07:07,https://rent.pe.ntu.edu.tw/
2026-02-27T07:48:17,0,80,161,2026-02-27 07:48,https://rent.pe.ntu.edu.tw/
2026-02-27T10:08:03,0,80,161,2026-02-27 10:08,https://rent.pe.ntu.edu.tw/
2026-02-27T12:23:47,0,80,161,2026-02-27 12:23,https://rent.pe.ntu.edu.tw/
2026-02-27T13:37:50,0,80,161,2026-02-27 13:37,https://rent.pe.ntu.edu.tw/
2026-02-27T14:36:13,0,80,161,2026-02-27 14:36,https://rent.pe.ntu.edu.tw/
2026-02-27T15:37:33,0,80,161,2026-02-27 15:37,https://rent.pe.ntu.edu.tw/
2026-02-27T16:26:17,1,80,161,2026-02-27 16:26,https://rent.pe.ntu.edu.tw/
2026-02-27T17:09:27,1,80,161,2026-02-27 17:09,https://rent.pe.ntu.edu.tw/
2026-02-27T18:02:21,0,80,161,2026-02-27 18:02,https://rent.pe.ntu.edu.tw/
2026-02-27T18:54:15,0,80,161,2026-02-27 18:54,https://rent.pe.ntu.edu.tw/
2026-02-27T19:35:25,0,80,161,2026-02-27 19:35,https://rent.pe.ntu.edu.tw/
2026-02-27T20:03:56,0,80,161,2026-02-27 20:03,https://rent.pe.ntu.edu.tw/
2026-02-27T21:34:48,0,80,161,2026-02-27 21:34,https://rent.pe.ntu.edu.tw/
2026-02-27T22:27:49,0,80,161,2026-02-27 22:27,https://rent.pe.ntu.edu.tw/
